name     ,  rank,   score, probability, sas_points, surf_atoms,   center_x,   center_y,   center_z, residue_ids, surf_atom_ids
pocket1  ,     1,   41.29,       0.950,        182,         75,     6.5010,    10.2762,     0.2331, A_197 A_356 A_357 A_454 A_455 A_456 A_459 A_488 A_490 A_491 A_494 A_495 A_51 A_52 A_53 A_530 A_532 A_533 A_54 A_540 A_541 A_543 A_548 A_56 A_57 A_58 A_60 A_62 A_63 A_66 A_91 A_93 A_95 A_96, 387 393 396 398 401 404 407 408 409 410 411 425 426 428 429 433 449 450 451 452 453 463 472 474 475 496 497 704 706 718 720 721 726 731 733 734 738 1549 1551 1552 2796 2797 2806 3598 3605 3617 3618 3619 3642 3643 3871 3872 3893 3894 3901 3902 3929 3931 3932 3940 3942 4215 4222 4225 4228 4229 4232 4233 4293 4298 4299 4301 4316 4317 4351
pocket2  ,     2,   16.76,       0.709,        161,         75,     5.9471,    24.1860,    26.4704, A_203 A_204 A_205 A_206 A_207 A_225 A_226 A_227 A_228 A_231 A_271 A_272 A_273 A_276 A_277 A_278 A_280 A_281 A_282 A_284 A_287 A_288 A_290 A_291 A_325 A_328 A_350 A_351 A_352 A_353 A_354 A_361 A_362 A_363 A_364, 1603 1604 1605 1609 1616 1619 1624 1625 1627 1634 1635 1771 1774 1775 1780 1782 1786 1788 1789 1795 1796 1797 1798 1822 1823 2131 2134 2137 2139 2145 2172 2173 2175 2177 2179 2181 2184 2198 2205 2206 2210 2212 2214 2215 2228 2245 2256 2257 2258 2259 2271 2273 2282 2551 2553 2555 2576 2578 2752 2754 2755 2759 2763 2767 2768 2769 2781 2782 2832 2833 2834 2838 2850 2857 2858
pocket3  ,     3,   14.50,       0.641,         82,         39,     2.2823,    23.9601,     6.3123, A_182 A_183 A_184 A_193 A_194 A_195 A_289 A_371 A_409 A_410 A_411 A_412 A_415 A_454 A_456 A_493 A_498, 1431 1437 1440 1443 1448 1449 1450 1516 1517 1523 1526 1527 1528 1532 1533 1534 1535 2264 2265 2927 3217 3220 3221 3222 3223 3230 3236 3241 3245 3249 3252 3253 3277 3599 3613 3919 3921 3966 3967
pocket4  ,     4,    7.49,       0.331,         46,         22,    14.1848,     8.1286,   -14.1858, A_128 A_129 A_132 A_133 A_136 A_139 A_140 A_148 A_151 A_90, 697 698 997 1002 1004 1006 1030 1031 1032 1033 1034 1050 1051 1052 1073 1082 1083 1145 1148 1172 1173 1174
pocket5  ,     5,    3.94,       0.126,         44,         25,   -19.4245,   -39.7609,     6.7165, A_740 A_744 A_747 A_798 A_799 A_800 A_801 A_832 A_836 A_874 A_877, 5841 5870 5871 5872 5873 5900 6291 6296 6307 6309 6313 6314 6556 6558 6559 6560 6561 6579 6583 6869 6870 6871 6872 6873 6898
pocket6  ,     6,    3.34,       0.094,         43,         22,    14.9362,    26.3335,   -10.7170, A_121 A_125 A_155 A_160 A_164 A_420 A_421 A_422 A_424 A_448, 932 933 968 969 1207 1211 1244 1245 1246 1275 1276 1277 3328 3330 3336 3339 3342 3343 3344 3345 3362 3552
pocket7  ,     7,    3.04,       0.081,         34,         19,   -10.8933,     2.6256,   -14.0753, A_46 A_483 A_484 A_526 A_639 A_640 A_642 A_73 A_76 A_77 A_82, 349 351 352 551 578 588 589 630 632 3839 3846 4178 4180 5036 5045 5047 5050 5064 5066
pocket8  ,     8,    3.03,       0.080,         40,         18,   -13.9874,   -18.9462,   -22.8200, A_611 A_625 A_628 A_629 A_684 A_687 A_688 A_691 A_721 A_723 A_725, 4818 4929 4933 4956 4965 5405 5406 5407 5408 5428 5434 5435 5460 5696 5710 5713 5714 5726
pocket9  ,     9,    2.37,       0.050,         37,         19,     9.4088,   -16.1933,   -23.1235, A_11 A_12 A_21 A_24 A_25 A_28 A_702 A_703 A_706 A_707, 72 73 76 84 151 153 173 179 181 211 5549 5554 5556 5557 5584 5586 5588 5589 5592
pocket10 ,    10,    1.91,       0.032,         31,         21,     6.7929,    22.6281,    19.9950, A_184 A_198 A_200 A_228 A_287 A_288 A_289 A_351 A_352 A_353 A_362 A_364, 1450 1558 1576 1796 1798 2245 2259 2265 2266 2759 2763 2767 2768 2769 2770 2772 2838 2839 2841 2857 2858
pocket11 ,    11,    1.89,       0.031,         29,         17,     7.0293,    19.9403,   -20.2013, A_152 A_156 A_158 A_159 A_465 A_466 A_467 A_468 A_469 A_471, 1181 1182 1183 1216 1229 1230 1231 1232 1239 3692 3698 3704 3710 3711 3713 3717 3742
pocket12 ,    12,    1.84,       0.030,         36,         14,    12.7707,    31.5491,   -13.6914, A_160 A_164 A_422 A_424 A_426 A_437 A_440 A_448, 1244 1245 1275 1276 1277 1278 3342 3362 3384 3385 3463 3482 3552 3553
pocket13 ,    13,    1.74,       0.026,         20,         20,     6.4272,   -17.3037,   -11.2616, A_16 A_18 A_22 A_558 A_561 A_562 A_587 A_588 A_591 A_592 A_697 A_700, 110 113 117 134 161 4432 4451 4453 4457 4458 4461 4635 4641 4645 4646 4669 4678 5509 5510 5536
pocket14 ,    14,    1.59,       0.021,         27,         15,    -1.9907,     1.3316,   -27.8417, A_34 A_36 A_38 A_43 A_716 A_78 A_82 A_83 A_84, 254 277 290 329 593 594 595 596 597 625 641 642 643 646 5657
pocket15 ,    15,    0.76,       0.002,         18,         15,    11.2256,    35.4750,     2.2144, A_178 A_368 A_369 A_370 A_416 A_427 A_449 A_450 A_451, 1398 1399 1400 2887 2889 2891 2893 2907 3287 3396 3561 3567 3568 3575 3576
