protein,structure,pocket,AlphaFill closest ligand,distance,distances_random,distances_random_average
P9WFS9,alphafold2_P9WFS9_model_0,1,ATP,1.202,"3.867,9.878,11.615,14.368,16.728,17.965,21.39,27.004,27.18,44.372",19.436700000000002
P9WFS9,alphafold2_P9WFS9_model_0,2,TSB,0.536,"4.299,5.998,10.91,14.305,16.842,20.196,21.42,21.976,23.606,26.505",16.6057
P9WFS9,alphafold2_P9WFS9_model_0,3,TAR,9.871,"8.599,8.84,13.913,16.088,19.474,20.532,21.062,23.062,23.268,30.493",18.533099999999997
P9WFS9,alphafold2_P9WFS9_model_0,4,TAR,3.228,"3.652,5.216,7.287,14.839,14.898,19.932,21.08,21.421,25.113,26.52",15.9958
P9WFS9,alphafold2_P9WFS9_model_0,5,TSB,14.515,"4.876,7.942,8.339,15.271,16.549,18.053,20.314,21.17,21.983,29.262",16.3759
P9WFS9,alphafold3_P9WFS9_model_0,2,TSB,1.902,"8.319,10.928,12.275,12.921,13.645,14.747,15.329,18.818,22.867,37.098",16.6947
P9WFS9,alphafold3_P9WFS9_model_0,3,TAR,10.267,"5.288,8.168,10.394,11.624,12.764,15.331,18.026,24.195,29.609,30.63",16.602899999999998
P9WFS9,alphafold3_P9WFS9_model_0,4,TAR,0.954,"5.241,6.925,10.047,10.739,12.571,14.434,18.974,21.522,22.526,33.63",15.660899999999998
P9WFS9,alphafold3_P9WFS9_model_1,2,TAR,9.908,"6.94,12.252,19.304,19.744,21.997,28.051,28.473,29.406,36.601,37.333",24.0101
P9WFS9,alphafold3_P9WFS9_model_1,3,TSB,0.9,"7.64,7.731,17.842,18.566,18.707,20.959,22.629,35.044,37.712,37.736",22.456599999999998
P9WFS9,alphafold3_P9WFS9_model_1,4,TAR,2.191,"5.189,8.738,11.788,16.418,17.463,17.72,20.958,24.739,26.799,29.268",17.907999999999998
P9WFS9,alphafold3_P9WFS9_model_1,5,ATP,13.01,"8.162,15.528,15.927,16.339,20.201,22.769,24.955,28.463,30.998,33.747",21.7089
P9WFS9,alphafold3_P9WFS9_model_2,2,TSB,1.473,"7.345,15.212,16.165,20.011,21.913,21.932,22.466,23.82,24.564,31.181",20.460900000000002
P9WFS9,alphafold3_P9WFS9_model_2,3,TSB,13.274,"10.782,11.961,13.622,14.356,14.405,16.729,18.514,19.038,19.634,21.628",16.066899999999997
P9WFS9,alphafold3_P9WFS9_model_2,4,TAR,10.159,"2.573,4.411,6.241,8.737,13.284,14.118,16.658,18.579,23.836,38.622",14.7059
P9WFS9,alphafold3_P9WFS9_model_3,2,TSB,1.562,"4.215,5.419,7.162,9.235,14.977,18.447,18.537,27.297,32.843,36.59",17.4722
P9WFS9,alphafold3_P9WFS9_model_3,3,TAR,1.544,"4.909,7.171,10.004,10.878,11.603,13.176,21.065,30.79,31.153,41.87",18.2619
P9WFS9,alphafold3_P9WFS9_model_3,4,TAR,9.997,"8.135,14.542,16.306,18.189,20.299,20.961,22.943,23.939,36.253,40.451",22.2018
P9WFS9,alphafold3_P9WFS9_model_3,5,TSB,13.473,"3.855,4.183,6.41,7.765,8.861,10.716,16.306,18.881,26.348,32.905",13.623000000000001
P9WFS9,alphafold3_P9WFS9_model_4,2,TSB,1.588,"1.949,3.118,6.538,8.704,14.573,16.34,18.542,25.021,25.669,25.724",14.617799999999999
P9WFS9,alphafold3_P9WFS9_model_4,3,TAR,10.105,"5.193,5.488,10.103,11.819,16.237,18.248,20.282,21.688,23.347,35.503",16.7908
P9WFS9,alphafold3_P9WFS9_model_4,4,ATP,10.121,"5.92,9.693,11.031,12.521,12.696,13.161,16.696,17.853,21.882,29.13",15.0583
P9WFS9,alphafold3_P9WFS9_model_4,5,TSB,13.612,"8.158,11.751,22.409,22.554,31.53,33.17,33.662,35.721,52.888,58.723",31.056599999999996
P9WFS9,alphafold3_P9WFS9_model_4,6,TAR,2.481,"2.585,3.559,5.916,8.926,12.945,13.779,15.759,19.971,21.216,24.456",12.9112
P9WFS9,chai1_P9WFS9_model_0,2,TSB,0.748,"0.879,2.066,2.826,4.681,7.318,20.483,20.502,21.952,30.489,31.797",14.299299999999999
P9WFS9,chai1_P9WFS9_model_0,3,TAR,2.551,"2.682,6.604,7.76,12.723,16.055,16.454,16.976,17.44,23.228,38.061",15.798300000000001
P9WFS9,chai1_P9WFS9_model_1,2,TSB,1.399,"5.708,6.936,7.706,10.32,11.293,15.518,19.361,20.199,21.557,21.739",14.033700000000001
P9WFS9,chai1_P9WFS9_model_1,4,TAR,8.91,"6.241,12.315,12.462,16.658,17.58,20.405,21.464,22.999,29.322,37.681",19.7127
P9WFS9,chai1_P9WFS9_model_2,3,TAR,2.358,"9.502,10.826,11.628,12.457,12.867,16.692,21.211,32.399,34.497,35.773",19.7852
P9WFS9,chai1_P9WFS9_model_2,4,TSB,0.51,"2.109,7.212,9.441,10.699,11.159,14.151,14.873,20.93,24.408,24.725",13.970699999999999
P9WFS9,chai1_P9WFS9_model_3,4,TAR,1.717,"5.354,5.894,12.553,13.157,17.047,17.593,21.61,24.631,25.061,32.622",17.5522
P9WFS9,chai1_P9WFS9_model_3,6,TSB,2.013,"1.575,2.978,7.66,8.316,9.806,10.379,15.888,21.423,22.197,23.319",12.354099999999999
P9WFS9,chai1_P9WFS9_model_4,4,TAR,2.544,"6.78,9.335,9.847,16.499,18.925,20.147,20.527,22.441,25.022,31.394",18.0917
P9WFS9,chai1_P9WFS9_model_4,5,TSB,0.383,"2.604,5.003,5.234,7.562,14.231,14.875,16.37,16.777,25.486,31.12",13.9262
P9WFS9,swissmodel_P9WFS9_model_0,1,ATP,1.875,"0.685,4.043,4.427,6.341,7.134,8.108,11.811,15.818,19.666,21.733",9.976600000000001
P9WFS9,swissmodel_P9WFS9_model_0,2,TSB,1.516,"1.669,7.52,9.67,12.043,14.909,15.662,21.275,21.643,22.538,33.577",16.0506
P9WFS9,swissmodel_P9WFS9_model_0,3,TAR,9.509,"8.632,13.156,16.21,18.16,18.529,18.563,23.236,25.455,27.15,37.5",20.659100000000002
P9WFS9,swissmodel_P9WFS9_model_0,4,TSB,14.037,"7.678,12.034,13.901,16.195,18.397,19.281,20.806,24.376,25.324,32.226",19.021800000000002
P9WFS9,swissmodel_P9WFS9_model_1,1,ATP,1.276,"9.053,11.036,11.751,16.722,17.103,17.686,17.732,18.005,27.667,32.063",17.8818
P9WFS9,swissmodel_P9WFS9_model_1,3,TAR,10.274,"9.472,10.215,10.569,10.802,12.44,15.352,18.068,18.754,19.972,24.696",15.034
P9WFT1,alphafold2_P9WFT1_model_0,1,YSA,0.683,"10.429,11.504,14.415,14.732,19.464,21.066,21.666,30.809,36.041,45.725",22.585099999999997
P9WFT1,alphafold2_P9WFT1_model_0,2,NA,10.547,"8.207,15.186,15.619,15.753,15.884,16.223,20.435,27.309,27.778,46.038",20.843199999999996
P9WFT1,alphafold3_P9WFT1_model_0,2,NA,10.599,"9.962,12.647,16.075,23.392,34.395,37.024,37.402,41.528,44.42,50.279",30.712400000000002
P9WFT1,alphafold3_P9WFT1_model_1,2,NA,10.787,"2.059,3.092,9.494,17.041,17.258,17.543,18.625,20.188,23.229,48.401",17.693
P9WFT1,alphafold3_P9WFT1_model_4,2,NA,10.806,"2.351,6.179,8.342,8.914,10.926,12.153,12.243,13.886,14.256,16.03",10.528
P9WFT1,chai1_P9WFT1_model_0,2,NA,10.743,"3.467,9.745,12.781,14.773,14.863,21.194,33.668,36.599,38.003,43.082",22.817500000000003
P9WFT1,chai1_P9WFT1_model_1,2,NA,11.291,"14.12,15.514,19.552,20.355,21.617,31.83,36.949,39.589,44.759,45.205",28.949
P9WFT1,chai1_P9WFT1_model_2,1,YSA,1.196,"0.524,5.49,10.002,14.009,17.481,19.092,19.882,22.245,22.331,47.443",17.8499
P9WFT1,chai1_P9WFT1_model_2,2,NA,11.805,"0.971,5.838,13.074,13.506,17.279,21.441,36.308,47.949,50.641,51.937",25.894399999999997
P9WFT1,chai1_P9WFT1_model_4,2,NA,11.459,"17.398,17.509,18.35,19.391,19.737,24.426,24.678,40.661,44.693,44.876",27.171899999999994
P9WFT1,swissmodel_P9WFT1_model_0,1,YSA,2.326,"7.285,13.949,14.32,14.627,14.717,24.823,38.763,39.662,43.556,43.754",25.5456
P9WFT1,swissmodel_P9WFT1_model_0,2,ATP,0.692,"7.949,10.092,10.952,13.222,14.02,16.334,19.397,34.281,40.24,41.549",20.8036
P9WFT3,alphafold2_P9WFT3_model_0,1,3JD,0.721,"1.288,5.746,7.92,9.725,14.838,15.469,16.915,19.922,24.514,27.885",14.4222
P9WFT3,alphafold2_P9WFT3_model_0,2,ATP,3.102,"0.799,0.863,4.007,6.466,9.093,9.694,13.701,17.915,17.992,23.49",10.402
P9WFT3,alphafold3_P9WFT3_model_0,1,ANL,0.414,"4.45,5.668,9.556,9.848,12.028,13.511,14.075,15.691,22.135,23.733",13.0695
P9WFT3,alphafold3_P9WFT3_model_2,2,ZCW,0.597,"7.819,10.874,11.718,11.814,11.836,12.031,12.202,15.416,15.62,16.275",12.560500000000001
P9WFT3,alphafold3_P9WFT3_model_3,2,K,2.728,"1.177,4.155,6.602,7.508,7.829,11.882,11.915,15.836,18.746,25.58",11.123
P9WFT3,chai1_P9WFT3_model_3,2,ZCW,0.479,"0.374,0.867,10.267,11.047,11.058,11.63,11.766,14.274,15.859,26.746",11.3888
P9WFT3,chai1_P9WFT3_model_4,2,ZCW,0.52,"6.456,7.914,8.513,8.563,9.059,9.845,10.731,11.71,15.289,16.332",10.4412
P9WFT3,swissmodel_P9WFT3_model_0,1,TYM,0.803,"9.313,10.326,10.953,11.004,11.724,11.763,12.599,24.843,27.645,29.081",15.9251
P9WFT3,swissmodel_P9WFT3_model_0,2,K,6.619,"6.04,6.642,7.803,8.249,8.618,10.914,11.564,15.747,15.958,18.283",10.9818
P9WFT5,alphafold2_P9WFT5_model_0,3,CA,20.571,"12.714,13.874,14.218,17.458,19.463,19.778,19.795,21.99,23.836,34.72",19.784599999999998
P9WFT5,alphafold3_P9WFT5_model_0,1,AMP,0.822,"10.792,14.008,17.4,17.576,23.524,23.755,25.881,28.955,33.694,42.093",23.7678
P9WFT5,alphafold3_P9WFT5_model_0,3,CA,21.032,"5.537,7.885,10.567,11.322,14.37,14.772,15.785,15.827,24.934,38.238",15.9237
P9WFT5,alphafold3_P9WFT5_model_1,1,2CR,1.503,"2.887,9.228,12.13,12.153,13.339,15.383,15.508,18.95,22.893,24.434",14.6905
P9WFT5,alphafold3_P9WFT5_model_1,2,CA,20.69,"1.111,11.826,13.083,13.706,17.53,20.63,24.499,25.784,31.022,31.41",19.0601
P9WFT5,alphafold3_P9WFT5_model_2,1,2CR,1.894,"1.328,9.04,12.795,13.423,16.185,17.602,19.91,21.54,26.418,35.825",17.406599999999997
P9WFT5,alphafold3_P9WFT5_model_2,2,CA,19.86,"2.93,9.491,12.77,17.1,17.72,19.109,21.788,33.211,35.006,43.068",21.219299999999997
P9WFT5,alphafold3_P9WFT5_model_3,1,ATP,1.769,"10.205,11.612,12.163,16.287,18.181,18.271,20.472,27.247,28.666,35.322",19.842599999999997
P9WFT5,alphafold3_P9WFT5_model_3,2,K,13.355,"3.972,6.427,8.145,11.235,13.434,13.603,14.785,19.374,25.844,32.838",14.965699999999998
P9WFT5,alphafold3_P9WFT5_model_3,3,CA,20.775,"3.971,7.0,8.17,8.354,11.992,12.753,14.823,15.836,21.376,26.398",13.0673
P9WFT5,alphafold3_P9WFT5_model_4,1,SSA,1.282,"6.928,7.44,8.502,10.713,14.561,15.558,18.826,20.914,35.878,36.593",17.5913
P9WFT5,alphafold3_P9WFT5_model_4,2,CA,21.222,"5.178,10.228,13.767,13.978,14.503,17.728,17.936,21.445,23.818,36.051",17.4632
P9WFT5,alphafold3_P9WFT5_model_4,3,K,14.717,"8.462,11.697,13.062,13.066,16.109,17.654,22.403,23.633,31.697,37.28",19.506300000000003
P9WFT5,chai1_P9WFT5_model_0,2,K,13.925,"2.347,13.005,13.521,14.425,16.98,22.35,23.789,27.167,33.203,33.518",20.0305
P9WFT5,chai1_P9WFT5_model_0,3,CA,22.371,"4.838,11.211,17.879,17.886,18.185,18.506,19.993,32.08,32.08,41.16",21.381800000000002
P9WFT5,chai1_P9WFT5_model_1,2,CA,21.876,"6.878,11.812,13.466,16.896,17.854,21.018,27.326,28.994,31.686,37.798",21.3728
P9WFT5,chai1_P9WFT5_model_1,3,K,10.204,"10.501,13.565,13.577,16.64,18.769,19.105,22.256,23.713,25.601,35.974",19.970099999999995
P9WFT5,chai1_P9WFT5_model_2,2,CA,21.429,"5.81,7.461,10.766,13.591,13.876,16.565,17.306,24.696,35.869,37.336",18.3276
P9WFT5,chai1_P9WFT5_model_3,2,CA,20.842,"3.187,10.169,10.813,14.522,16.159,16.186,17.995,20.506,26.669,37.213",17.341900000000003
P9WFT5,chai1_P9WFT5_model_4,2,CA,21.435,"16.896,18.846,19.35,19.895,21.541,22.521,24.716,29.32,35.082,41.166",24.9333
P9WFT5,swissmodel_P9WFT5_model_0,1,ATP,1.011,"10.467,10.666,12.662,15.272,17.159,17.396,19.708,24.893,36.892,47.253",21.2368
P9WFT5,swissmodel_P9WFT5_model_0,2,CA,22.225,"2.254,7.899,12.218,14.685,16.035,17.501,19.289,26.731,27.307,34.59",17.850900000000003
P9WFT7,alphafold2_P9WFT7_model_0,1,SSA,0.525,"1.977,6.454,9.732,12.691,13.613,15.669,18.041,32.172,36.248,57.902",20.449899999999996
P9WFT7,alphafold2_P9WFT7_model_0,2,IMP,6.277,"1.926,8.769,14.134,16.824,17.113,17.136,19.141,21.025,25.588,28.359",17.0015
P9WFT7,alphafold3_P9WFT7_model_0,1,SSA,0.653,"1.656,4.206,5.737,9.304,10.083,11.791,11.866,13.732,20.305,34.171",12.2851
P9WFT7,alphafold3_P9WFT7_model_0,2,ATP,4.688,"4.162,8.573,10.31,12.223,13.373,13.396,14.621,18.047,21.948,41.273",15.792599999999998
P9WFT7,alphafold3_P9WFT7_model_1,2,8L4,1.613,"11.925,16.839,19.161,19.602,20.536,22.275,29.725,33.401,34.282,49.607",25.735299999999995
P9WFT7,alphafold3_P9WFT7_model_2,2,SSA,10.813,"4.765,10.921,11.643,12.21,12.744,14.337,17.152,19.647,20.249,37.643",16.131099999999996
P9WFT7,chai1_P9WFT7_model_1,2,8L4,1.372,"0.68,1.958,4.46,8.301,11.679,12.226,13.876,19.789,25.102,29.99",12.8061
P9WFT7,chai1_P9WFT7_model_2,2,IMP,7.411,"4.395,6.806,9.763,10.028,10.724,13.138,18.253,18.676,21.841,42.308",15.5932
P9WFT7,chai1_P9WFT7_model_3,2,8L4,1.819,"1.602,8.41,10.091,11.149,13.174,14.515,14.847,20.235,32.306,51.617",17.7946
P9WFT7,chai1_P9WFT7_model_4,2,SSA,10.704,"3.199,3.413,8.18,8.504,9.359,12.059,16.283,28.305,47.172,56.838",19.3312
P9WFT7,swissmodel_P9WFT7_model_0,1,AMP,1.403,"1.589,2.89,4.667,6.119,8.28,10.488,12.527,13.717,17.199,21.923",9.9399
P9WFT7,swissmodel_P9WFT7_model_0,2,IMP,7.006,"0.911,10.008,10.396,10.693,12.334,15.82,17.523,23.171,23.683,24.484",14.9023
P9WFT9,alphafold2_P9WFT9_model_0,2,CA,18.26,"2.553,3.569,8.266,9.171,10.508,13.09,17.032,19.749,21.969,25.558",13.146499999999998
P9WFT9,alphafold3_P9WFT9_model_0,2,PYZ,6.145,"6.865,7.534,9.751,10.664,12.005,13.109,13.786,14.66,16.034,17.234",12.1642
P9WFT9,alphafold3_P9WFT9_model_1,2,CA,18.844,"6.621,7.672,8.497,11.668,11.868,12.542,14.353,15.492,18.92,20.316",12.7949
P9WFT9,alphafold3_P9WFT9_model_2,2,CA,17.287,"4.137,4.452,5.908,7.87,8.779,10.023,10.951,11.692,12.221,23.554",9.9587
P9WFT9,alphafold3_P9WFT9_model_3,2,ATP,3.462,"5.192,6.012,9.495,12.751,13.761,14.173,15.077,17.194,17.354,20.388",13.1397
P9WFT9,alphafold3_P9WFT9_model_4,2,CA,4.335,"6.581,7.501,12.324,15.221,15.932,17.475,19.09,21.168,24.491,29.261",16.904400000000003
P9WFT9,chai1_P9WFT9_model_0,2,CA,18.478,"3.902,4.664,8.678,11.725,13.636,14.525,15.664,15.783,21.394,24.743",13.4714
P9WFT9,chai1_P9WFT9_model_1,2,CA,18.614,"0.728,5.612,6.173,8.127,10.48,16.565,16.624,17.006,20.892,28.186",13.0393
P9WFT9,chai1_P9WFT9_model_2,2,CA,3.766,"7.234,8.455,10.441,11.151,11.57,11.667,18.025,18.843,24.038,26.775",14.819899999999999
P9WFT9,chai1_P9WFT9_model_4,2,CA,17.541,"3.522,6.174,6.753,6.932,7.558,9.048,12.325,13.263,14.453,18.899",9.892700000000001
P9WFT9,swissmodel_P9WFT9_model_0,1,2CR,1.004,"0.613,6.854,9.902,10.566,10.641,11.931,13.791,16.829,20.767,24.613",12.6507
P9WFT9,swissmodel_P9WFT9_model_0,2,PYZ,14.631,"3.285,6.305,6.448,7.309,9.781,12.3,18.304,19.406,21.816,23.003",12.7957
P9WFU1,alphafold2_P9WFU1_model_0,1,MG,6.473,"11.23,11.818,13.478,16.032,16.235,16.493,18.34,23.191,24.359,24.823",17.599899999999998
P9WFU1,alphafold2_P9WFU1_model_0,2,PGR,23.496,"4.85,11.69,12.322,12.745,13.36,15.157,19.104,19.845,20.812,42.277",17.216199999999997
P9WFU1,alphafold3_P9WFU1_model_0,2,PGR,23.217,"8.649,11.511,12.115,13.661,15.167,16.584,21.113,24.747,26.159,31.68",18.1386
P9WFU1,alphafold3_P9WFU1_model_0,3,HEZ,9.476,"5.489,7.873,7.94,8.467,10.048,11.366,16.363,16.6,18.677,31.622",13.4445
P9WFU1,alphafold3_P9WFU1_model_1,2,K,16.23,"5.223,10.594,10.596,11.724,12.875,16.377,16.856,19.099,19.98,26.979",15.0303
P9WFU1,alphafold3_P9WFU1_model_2,2,K,20.146,"11.134,14.632,17.19,19.156,19.659,21.476,29.156,33.196,37.867,41.882",24.534799999999997
P9WFU1,alphafold3_P9WFU1_model_4,2,K,16.398,"10.778,11.103,11.459,14.05,18.489,19.049,19.195,19.359,20.512,30.798",17.4792
P9WFU1,alphafold3_P9WFU1_model_4,3,MG,22.746,"6.444,12.7,17.144,17.6,18.896,20.221,23.232,26.27,26.322,29.249",19.8078
P9WFU1,chai1_P9WFU1_model_0,2,PGR,12.423,"4.147,4.57,6.777,10.04,13.051,14.597,17.749,22.381,25.27,27.394",14.597599999999996
P9WFU1,chai1_P9WFU1_model_3,3,PGR,21.393,"3.138,8.745,9.293,10.235,13.877,14.981,19.169,19.355,28.18,36.515",16.3488
P9WFU1,swissmodel_P9WFU1_model_0,1,K,5.987,"6.837,9.334,10.201,14.394,14.763,15.061,15.907,25.691,25.928,30.653",16.8769
P9WFU1,swissmodel_P9WFU1_model_0,2,K,15.411,"5.665,6.145,6.569,11.618,13.174,14.854,16.805,17.699,27.279,37.714",15.752199999999998
P9WFU1,swissmodel_P9WFU1_model_0,3,MG,13.687,"10.924,12.847,13.432,13.757,19.561,20.287,20.927,24.037,29.646,37.914",20.333199999999998
P9WFU3,alphafold2_P9WFU3_model_0,1,HEZ,1.487,"8.732,9.917,14.666,14.836,15.66,23.523,47.068,56.374,66.262,67.746",32.4784
P9WFU3,alphafold2_P9WFU3_model_0,2,MG,9.494,"7.478,7.517,12.4,13.307,14.371,26.623,38.386,40.494,45.217,46.599",25.2392
P9WFU3,alphafold3_P9WFU3_model_0,2,AMP,12.261,"5.536,8.408,8.78,11.733,12.444,14.166,14.238,20.945,32.013,48.804",17.7067
P9WFU3,alphafold3_P9WFU3_model_1,2,MG,4.472,"4.827,7.553,9.088,10.985,12.09,12.715,13.931,14.848,48.828,54.81",18.9675
P9WFU3,alphafold3_P9WFU3_model_2,2,MG,12.684,"7.769,9.221,10.926,11.508,13.055,20.356,51.533,57.447,60.052,60.157",30.2024
P9WFU3,alphafold3_P9WFU3_model_3,2,MG,12.32,"2.717,6.801,7.26,7.982,10.166,11.534,11.748,31.758,41.003,71.422",20.2391
P9WFU3,alphafold3_P9WFU3_model_4,2,AMP,11.605,"2.226,4.954,6.106,6.204,9.279,9.425,13.692,30.418,37.288,43.642",16.3234
P9WFU3,swissmodel_P9WFU3_model_0,1,YSA,3.177,"10.09,10.597,13.029,13.286,15.872,20.84,22.267,28.043,46.979,58.572",23.9575
P9WFU3,swissmodel_P9WFU3_model_0,2,MG,7.569,"6.067,9.287,11.313,11.363,12.433,13.794,15.552,25.1,35.072,45.03",18.5011
P9WFU5,alphafold2_P9WFU5_model_0,1,ATP,0.703,"1.192,2.152,3.802,7.364,9.77,11.305,11.787,17.53,18.26,26.146",10.930800000000001
P9WFU5,alphafold2_P9WFU5_model_0,2,NO3,1.483,"6.794,11.597,11.952,15.216,15.591,15.926,18.603,18.968,21.054,23.202",15.8903
P9WFU5,alphafold3_P9WFU5_model_2,1,ADN,0.762,"1.436,1.914,4.683,5.967,7.093,8.468,10.813,13.284,18.19,21.32",9.3168
P9WFU5,alphafold3_P9WFU5_model_3,2,NO3,9.173,"2.791,6.263,7.597,8.022,14.526,14.843,18.186,20.265,21.385,28.545",14.2423
P9WFU5,swissmodel_P9WFU5_model_0,2,NO3,2.175,"3.206,5.185,6.737,8.779,10.178,10.677,12.015,14.549,19.534,20.086",11.094599999999998
P9WFU9,alphafold2_P9WFU9_model_0,1,B4P,1.001,"1.686,3.507,6.307,6.669,6.911,11.13,11.256,15.192,16.001,19.283",9.7942
P9WFU9,alphafold3_P9WFU9_model_0,2,DSZ,11.606,"1.185,6.455,7.329,9.521,14.119,15.263,16.428,16.678,16.833,17.598",12.1409
P9WFU9,alphafold3_P9WFU9_model_1,1,ATP,1.276,"4.985,5.899,6.709,7.444,9.075,9.111,10.096,14.929,19.198,19.482",10.6928
P9WFU9,alphafold3_P9WFU9_model_1,2,DSZ,11.371,"3.262,3.614,6.647,7.145,16.76,16.957,17.148,17.263,17.768,19.283",12.5847
P9WFU9,chai1_P9WFU9_model_1,2,B4P,10.507,"5.392,8.6,8.823,8.869,9.8,10.695,11.358,12.932,13.193,20.018",10.968
P9WFU9,swissmodel_P9WFU9_model_0,1,AMP,1.255,"1.536,2.586,10.569,14.735,14.997,15.253,15.745,16.067,17.121,18.771",12.738
P9WFU9,swissmodel_P9WFU9_model_0,2,MPO,9.512,"1.818,3.327,8.394,9.497,9.767,12.289,12.78,15.215,15.692,19.103",10.7882
P9WFV1,alphafold2_P9WFV1_model_0,1,LSS,1.051,"6.649,8.524,9.193,10.237,10.959,13.351,13.737,15.818,17.687,34.125",14.027999999999997
P9WFV1,alphafold2_P9WFV1_model_0,2,LSS,2.481,"1.025,2.842,9.021,9.39,12.523,19.107,21.594,36.17,38.324,40.437",19.0433
P9WFV1,alphafold2_P9WFV1_model_0,3,FAD,0.902,"3.9,11.362,12.804,14.784,15.015,18.498,18.692,27.27,30.238,34.211",18.6774
P9WFV1,alphafold2_P9WFV1_model_0,4,ZN,15.104,"6.781,10.4,11.423,13.044,14.518,18.285,22.939,23.624,40.833,50.59",21.243699999999997
P9WFV1,alphafold3_P9WFV1_model_0,2,FAD,0.767,"4.733,5.448,7.908,9.573,10.795,17.225,17.504,18.445,34.156,36.438",16.222500000000004
P9WFV1,alphafold3_P9WFV1_model_1,4,FAD,1.472,"0.704,1.285,4.076,9.299,11.724,18.642,18.863,20.629,27.802,28.434",14.1458
P9WFV1,alphafold3_P9WFV1_model_2,3,FAD,1.327,"0.379,3.605,4.364,8.238,8.961,9.945,13.176,15.457,15.565,24.289",10.3979
P9WFV1,alphafold3_P9WFV1_model_3,2,FAD,1.267,"7.197,11.242,12.253,12.401,13.739,18.192,20.938,24.119,28.487,46.02",19.458800000000004
P9WFV1,alphafold3_P9WFV1_model_4,4,FAD,1.406,"2.768,6.158,7.614,9.012,10.051,10.928,12.666,13.319,16.58,21.018",11.011399999999998
P9WFV1,chai1_P9WFV1_model_0,3,FAD,1.39,"1.7,12.936,16.225,16.588,16.981,17.087,19.006,20.338,30.697,31.987",18.354499999999998
P9WFV1,chai1_P9WFV1_model_1,3,FAD,0.835,"1.309,4.267,14.497,16.525,18.903,19.025,23.533,28.051,29.49,32.164",18.776400000000002
P9WFV1,chai1_P9WFV1_model_2,2,FAD,1.152,"10.928,13.415,14.312,15.616,18.001,18.85,18.928,19.619,22.714,26.634",17.901699999999998
P9WFV1,chai1_P9WFV1_model_3,3,FAD,1.198,"4.983,5.624,12.649,14.722,14.815,15.507,17.077,25.028,26.474,36.289",17.3168
P9WFV1,chai1_P9WFV1_model_4,2,FAD,0.73,"4.694,5.377,8.092,10.416,15.947,18.383,23.156,27.117,37.827,41.452",19.2461
P9WFV1,swissmodel_P9WFV1_model_0,1,LSS,0.974,"4.038,7.409,9.631,10.333,12.317,13.833,15.969,17.271,22.413,32.105",14.531899999999998
P9WFV1,swissmodel_P9WFV1_model_0,2,VRT,0.195,"8.574,9.925,10.497,14.198,14.697,17.111,18.672,27.537,36.344,42.316",19.9871
P9WFV1,swissmodel_P9WFV1_model_0,3,FAD,1.108,"2.548,11.325,14.37,14.802,15.769,15.981,22.396,25.012,30.233,37.7",19.013600000000004
P9WFV1,swissmodel_P9WFV1_model_0,5,ZN,16.35,"4.11,4.501,9.437,11.549,12.804,14.252,14.264,18.248,35.44,36.058",16.0663
P9WFV1,swissmodel_P9WFV1_model_1,6,FAD,1.72,"8.527,8.792,12.554,15.093,15.275,17.233,17.773,23.39,29.411,31.222",17.927
P9WFV3,alphafold2_P9WFV3_model_0,1,LSS,0.907,"3.478,13.768,15.628,17.199,18.685,20.597,21.968,23.142,26.85,34.187",19.5502
P9WFV3,alphafold2_P9WFV3_model_0,2,TAR,4.351,"5.437,6.349,8.647,11.852,11.914,15.079,16.198,27.724,27.787,28.495",15.9482
P9WFV3,alphafold2_P9WFV3_model_0,3,LSS,15.856,"5.908,6.336,11.746,17.775,19.063,20.808,24.44,25.103,28.111,29.156",18.8446
P9WFV3,alphafold3_P9WFV3_model_0,2,TAR,4.744,"4.247,9.636,12.455,14.787,15.47,23.353,23.846,24.244,27.794,30.748",18.658
P9WFV3,alphafold3_P9WFV3_model_0,3,LSS,16.401,"3.891,4.169,8.053,10.81,12.982,14.42,14.682,15.337,22.183,34.766",14.129299999999997
P9WFV3,alphafold3_P9WFV3_model_1,2,TAR,4.91,"6.369,6.535,10.29,11.145,15.896,16.394,18.506,22.031,24.302,25.768",15.7236
P9WFV3,alphafold3_P9WFV3_model_2,2,TAR,4.42,"0.886,4.257,7.704,8.527,10.73,14.978,21.888,23.727,24.089,26.274",14.306000000000001
P9WFV3,alphafold3_P9WFV3_model_2,4,LSS,15.914,"8.814,10.262,13.526,15.324,18.238,22.142,24.703,27.224,27.552,29.203",19.6988
P9WFV3,alphafold3_P9WFV3_model_3,3,LSS,16.721,"2.097,2.118,4.802,7.162,7.684,7.912,12.247,13.796,15.587,18.893",9.229800000000001
P9WFV3,alphafold3_P9WFV3_model_4,2,TAR,4.391,"4.635,7.091,12.657,14.659,16.987,19.937,22.464,26.151,29.983,36.348",19.091199999999997
P9WFV3,alphafold3_P9WFV3_model_4,3,LSS,15.873,"1.452,6.855,10.27,14.085,17.28,17.806,22.595,26.023,26.558,31.742",17.466599999999996
P9WFV3,chai1_P9WFV3_model_1,2,TAR,4.691,"0.648,2.415,12.965,15.894,16.269,21.538,23.979,27.337,32.236,32.37",18.5651
P9WFV3,chai1_P9WFV3_model_1,3,LSS,15.009,"8.088,10.458,10.642,13.58,15.248,18.857,25.346,27.626,28.311,31.099",18.9255
P9WFV3,chai1_P9WFV3_model_2,2,TAR,4.638,"8.011,8.046,8.809,9.594,11.405,16.904,18.698,23.984,24.557,29.346",15.935399999999998
P9WFV3,chai1_P9WFV3_model_2,3,TAR,6.591,"3.697,8.028,14.091,14.322,17.066,22.045,22.147,22.425,23.954,28.673",17.6448
P9WFV3,chai1_P9WFV3_model_3,2,TAR,3.38,"6.191,6.83,8.313,9.111,10.776,14.574,14.737,19.225,20.334,21.382",13.147300000000001
P9WFV3,chai1_P9WFV3_model_4,2,TAR,4.884,"6.239,7.55,8.154,8.678,9.662,10.743,14.426,15.05,15.952,19.517",11.597100000000001
P9WFV3,swissmodel_P9WFV3_model_0,2,TAR,3.923,"3.663,5.444,5.919,11.405,11.632,12.765,16.988,18.91,20.026,22.365",12.9117
P9WFV3,swissmodel_P9WFV3_model_0,3,LSS,15.012,"8.313,9.164,9.615,10.84,10.855,16.974,18.035,19.107,21.104,23.987",14.7994
P9WFV3,swissmodel_P9WFV3_model_1,3,LSS,15.459,"10.941,10.941,11.859,15.35,15.609,17.84,19.54,20.8,26.607,39.384",18.887099999999997
P9WFV5,alphafold2_P9WFV5_model_0,1,HAM,0.616,"1.401,4.441,8.145,12.096,17.661,19.649,25.169,38.148,42.933,44.103",21.3746
P9WFV5,alphafold2_P9WFV5_model_0,2,ATP,7.481,"1.792,14.344,17.865,18.437,19.756,21.434,25.437,36.145,40.032,50.297",24.553900000000002
P9WFV5,chai1_P9WFV5_model_1,2,HAM,10.185,"13.758,16.475,17.48,19.439,22.151,28.744,34.27,35.457,44.099,52.616",28.4489
P9WFV5,swissmodel_P9WFV5_model_0,1,ATP,0.88,"3.318,13.729,16.518,19.362,19.565,20.787,34.658,35.874,43.472,49.983",25.7266
P9WFV5,swissmodel_P9WFV5_model_0,2,NA,10.851,"3.926,4.408,11.378,16.221,16.426,17.913,20.34,20.68,22.33,23.069",15.6691
P9WFV5,swissmodel_P9WFV5_model_1,1,HAM,0.834,"7.434,9.414,13.031,15.336,16.748,17.311,17.475,19.459,21.005,22.393",15.9606
P9WFV7,alphafold2_P9WFV7_model_0,1,AMP,0.63,"9.02,9.459,9.637,11.869,15.328,15.977,17.086,17.406,21.571,26.218",15.357099999999999
P9WFV7,alphafold2_P9WFV7_model_0,2,B4P,5.059,"4.236,6.006,6.347,8.272,16.252,16.269,17.643,18.069,19.944,33.356",14.6394
P9WFV7,alphafold3_P9WFV7_model_0,1,B4P,0.983,"2.495,3.796,8.555,11.4,20.059,21.891,22.33,23.598,25.219,36.448",17.5791
P9WFV7,alphafold3_P9WFV7_model_3,1,G5A,1.507,"4.581,7.678,8.693,13.55,17.653,21.772,22.596,25.455,31.297,32.993",18.6268
P9WFV7,alphafold3_P9WFV7_model_4,1,ATP,1.002,"1.554,6.68,9.472,9.585,12.611,17.713,18.999,25.859,31.057,31.953",16.5483
P9WFV7,chai1_P9WFV7_model_3,2,CA,6.434,"5.984,11.041,13.373,15.09,19.408,19.713,20.748,22.654,24.965,28.499",18.1475
P9WFV7,swissmodel_P9WFV7_model_1,1,ATP,0.315,"3.396,8.975,9.133,10.317,11.693,16.666,18.665,21.682,29.198,32.891",16.261599999999998
P9WFV7,swissmodel_P9WFV7_model_1,2,NA,24.07,"8.676,10.572,10.766,12.035,14.363,21.781,22.12,23.275,25.104,36.139",18.4831
P9WFV9,alphafold2_P9WFV9_model_0,1,ATP,0.626,"13.349,15.06,17.639,18.041,18.983,19.755,20.096,33.135,34.446,50.265",24.076900000000002
P9WFV9,alphafold2_P9WFV9_model_0,2,ATP,21.592,"9.367,11.331,11.594,15.898,15.929,15.963,18.92,36.654,48.411,55.539",23.9606
P9WFV9,alphafold3_P9WFV9_model_0,2,ATP,21.809,"10.613,13.953,16.033,19.696,21.012,21.665,31.521,36.681,42.393,44.317",25.788399999999996
P9WFV9,alphafold3_P9WFV9_model_1,2,ATP,21.594,"12.019,15.032,16.926,22.446,23.325,23.827,24.608,56.066,63.011,63.949",32.120900000000006
P9WFV9,alphafold3_P9WFV9_model_2,2,ATP,22.217,"1.883,10.3,14.127,17.216,24.964,28.505,28.77,46.904,59.146,59.694",29.1509
P9WFV9,alphafold3_P9WFV9_model_3,2,ATP,22.307,"11.612,15.142,16.462,17.219,17.275,19.214,19.742,21.892,31.517,59.791",22.9866
P9WFV9,alphafold3_P9WFV9_model_4,2,ATP,21.316,"0.558,15.155,16.262,17.02,18.61,18.735,23.304,25.104,40.626,47.287",22.2661
P9WFV9,chai1_P9WFV9_model_0,2,ATP,21.342,"7.874,10.1,12.607,13.344,19.396,24.099,30.376,37.755,57.885,61.338",27.4774
P9WFV9,chai1_P9WFV9_model_1,2,ATP,21.091,"10.48,12.092,13.138,17.751,18.571,19.402,32.835,50.548,53.229,60.543",28.8589
P9WFV9,chai1_P9WFV9_model_2,2,ATP,21.407,"12.64,13.826,16.058,16.732,17.15,20.587,27.566,30.84,34.451,35.435",22.5285
P9WFV9,chai1_P9WFV9_model_3,2,ATP,21.271,"11.623,12.165,17.233,21.054,22.405,32.095,37.328,37.374,41.147,41.349",27.377299999999998
P9WFV9,chai1_P9WFV9_model_4,2,ATP,21.261,"6.142,7.671,10.892,13.529,13.598,21.29,25.468,42.378,44.279,48.076",23.3323
P9WFV9,swissmodel_P9WFV9_model_0,1,ATP,1.565,"8.027,10.927,11.664,12.504,13.594,42.61,47.792,54.627,54.972,60.195",31.6912
P9WFV9,swissmodel_P9WFV9_model_0,2,ATP,21.919,"6.283,12.679,15.467,16.633,18.56,20.863,28.392,41.779,51.344,51.625",26.3625
P9WFW1,alphafold2_P9WFW1_model_0,2,ATP,11.472,"9.41,10.212,10.804,13.404,17.107,21.415,22.294,22.946,47.728,47.756",22.3076
P9WFW1,alphafold3_P9WFW1_model_1,2,NA,6.905,"1.121,4.717,7.692,10.638,19.336,20.515,22.629,23.952,26.711,48.51",18.582099999999997
P9WFW1,alphafold3_P9WFW1_model_2,2,ATP,3.484,"12.144,12.991,16.054,18.559,19.732,20.241,23.83,29.745,34.425,44.326",23.2047
P9WFW1,alphafold3_P9WFW1_model_3,2,ATP,11.303,"2.452,7.351,12.268,14.73,20.474,21.593,24.161,25.447,26.062,34.216",18.875400000000003
P9WFW1,alphafold3_P9WFW1_model_4,2,AMP,7.069,"1.589,1.865,4.096,8.97,15.219,15.7,19.965,26.35,26.835,33.488",15.4077
P9WFW1,chai1_P9WFW1_model_1,2,CA,13.011,"12.169,12.404,16.377,17.098,17.563,17.808,21.073,21.69,30.27,45.533",21.198500000000003
P9WFW1,swissmodel_P9WFW1_model_0,2,ATP,5.034,"9.754,12.23,16.394,17.134,18.173,20.309,20.521,23.365,25.118,32.368",19.5366
P9WFW1,swissmodel_P9WFW1_model_0,3,AMP,4.442,"8.611,9.176,16.389,18.068,18.612,22.145,22.186,23.808,27.242,33.38",19.9617
P9WFW1,swissmodel_P9WFW1_model_1,1,ATP,1.497,"0.726,1.01,9.335,10.415,13.408,15.227,16.691,17.164,18.213,19.708",12.189699999999998
P9WFW3,alphafold2_P9WFW3_model_0,1,DSZ,0.174,"4.067,7.405,10.46,11.935,15.103,18.508,18.604,21.675,24.42,25.847",15.8024
P9WFW3,alphafold2_P9WFW3_model_0,2,ATP,6.407,"2.571,7.502,13.087,13.63,14.779,18.964,20.433,20.725,21.524,22.554",15.5769
P9WFW3,alphafold3_P9WFW3_model_0,2,MG,8.141,"1.717,4.553,8.371,12.93,13.049,15.204,16.429,17.082,17.778,22.321",12.9434
P9WFW3,alphafold3_P9WFW3_model_1,2,KAA,12.667,"7.287,10.735,11.866,13.102,13.246,17.013,21.727,23.419,25.432,25.649",16.9476
P9WFW3,alphafold3_P9WFW3_model_2,2,ATP,10.948,"12.49,14.333,14.526,14.762,15.161,19.819,20.574,21.619,26.503,32.275",19.2062
P9WFW3,alphafold3_P9WFW3_model_3,2,MG,9.123,"6.915,7.07,13.666,16.514,17.449,17.805,18.087,18.455,23.771,26.908",16.664000000000005
P9WFW3,alphafold3_P9WFW3_model_4,2,KAA,12.69,"2.903,11.562,11.891,12.105,14.626,17.403,19.911,20.594,23.653,24.728",15.9376
P9WFW3,chai1_P9WFW3_model_0,2,NA,8.768,"1.636,6.366,7.405,10.334,15.357,15.863,15.939,18.145,18.72,33.79",14.355500000000001
P9WFW3,chai1_P9WFW3_model_1,2,NA,9.282,"3.797,6.513,9.396,10.206,11.123,15.206,17.781,20.058,23.117,24.304",14.1501
P9WFW3,chai1_P9WFW3_model_2,2,NA,9.21,"2.061,3.014,7.772,9.147,13.032,13.817,17.824,19.122,20.985,32.665",13.9439
P9WFW3,chai1_P9WFW3_model_3,2,NA,9.452,"3.809,8.291,12.879,14.163,14.94,23.443,23.483,25.636,25.821,27.116",17.9581
P9WFW3,chai1_P9WFW3_model_4,2,NA,8.546,"3.168,4.35,11.32,11.459,12.37,12.768,12.975,18.042,18.658,21.967",12.707699999999999
P9WFW3,swissmodel_P9WFW3_model_0,1,DSZ,0.64,"8.075,11.366,11.848,12.031,13.178,18.172,19.705,20.8,30.054,30.054",17.528299999999998
P9WFW3,swissmodel_P9WFW3_model_0,2,BUA,13.539,"9.202,13.416,13.775,13.785,14.955,20.121,20.312,20.469,21.606,25.091",17.2732
P9WFW5,alphafold2_P9WFW5_model_0,1,GGB,1.658,"2.709,3.114,8.374,16.494,19.303,22.511,23.786,31.478,34.526,36.038",19.8333
P9WFW5,alphafold2_P9WFW5_model_0,2,GGB,12.546,"4.31,7.633,14.598,17.829,18.273,19.828,21.909,23.055,34.347,37.295",19.9077
P9WFW5,chai1_P9WFW5_model_4,2,ATP,12.217,"1.171,12.501,14.807,15.36,17.668,20.729,21.103,21.307,25.671,35.859",18.6176
P9WFW5,swissmodel_P9WFW5_model_0,1,ATP,0.713,"4.88,6.832,8.681,10.742,15.09,17.159,17.478,18.985,19.726,20.852",14.042499999999999
P9WFW5,swissmodel_P9WFW5_model_0,2,ATP,14.019,"3.743,14.348,15.697,17.772,18.68,19.024,22.349,23.456,24.152,33.131",19.2352
P9WFW7,alphafold2_P9WFW7_model_0,1,SSA,2.179,"8.433,11.562,14.146,14.724,18.383,20.014,20.708,23.334,49.07,50.899",23.127299999999998
P9WFW7,alphafold2_P9WFW7_model_0,2,ZN,9.792,"3.662,6.534,7.218,13.792,14.125,14.332,25.731,39.299,51.602,55.734",23.2029
P9WFW7,alphafold2_P9WFW7_model_0,3,ACD,13.319,"8.504,10.994,14.346,15.307,18.924,23.512,25.548,30.816,52.966,55.321",25.6238
P9WFW7,alphafold2_P9WFW7_model_0,4,ACD,17.52,"5.561,10.266,12.094,17.916,22.968,41.604,42.116,43.015,43.261,59.583",29.8384
P9WFW7,alphafold3_P9WFW7_model_0,1,SSA,1.482,"4.598,12.934,14.798,14.961,17.502,21.169,21.181,25.672,30.927,53.537",21.727899999999998
P9WFW7,alphafold3_P9WFW7_model_0,3,ACD,16.327,"7.825,8.113,10.976,18.671,18.759,19.244,19.533,21.585,21.779,31.922",17.840700000000002
P9WFW7,alphafold3_P9WFW7_model_1,1,G5A,2.675,"6.924,8.279,12.933,13.359,14.982,18.313,20.397,20.656,25.282,43.007",18.4132
P9WFW7,alphafold3_P9WFW7_model_2,2,ACD,3.17,"9.745,11.481,17.185,20.981,21.649,23.677,27.052,31.976,40.853,54.827",25.9426
P9WFW7,swissmodel_P9WFW7_model_0,1,G5A,1.716,"4.888,11.879,18.135,20.939,21.62,22.302,25.616,31.255,43.349,55.672",25.565499999999997
P9WFW7,swissmodel_P9WFW7_model_0,2,ZN,7.87,"2.529,11.7,14.223,17.156,20.312,25.957,27.079,34.525,39.5,42.498",23.5479
P9WN61,alphafold2_P9WN61_model_0,2,MN,11.501,"3.583,7.046,11.751,11.886,12.645,14.193,14.224,16.587,25.821,29.976",14.771199999999999
P9WN61,chai1_P9WN61_model_0,1,MG,3.274,"7.604,12.362,13.173,15.71,16.285,20.451,23.684,24.76,25.279,39.032",19.833999999999996
P9WN61,chai1_P9WN61_model_2,2,MN,11.2,"5.911,8.591,11.528,15.597,15.982,16.243,17.523,19.068,22.608,30.001",16.3052
P9WN61,chai1_P9WN61_model_4,2,MN,9.526,"8.955,14.922,18.258,19.824,20.157,21.195,27.065,30.308,33.498,41.187",23.536900000000003
P9WN61,swissmodel_P9WN61_model_0,2,MN,11.979,"9.589,13.194,14.912,17.093,17.166,19.278,20.097,21.239,24.096,31.536",18.82
P9WQA1,alphafold2_P9WQA1_model_0,1,GJY,9.089,"8.371,14.189,15.473,16.169,17.619,18.094,20.446,22.643,23.321,28.946",18.527099999999997
P9WQA1,alphafold2_P9WQA1_model_0,2,TAR,1.134,"3.24,3.584,7.868,10.768,13.115,13.718,14.864,16.229,21.473,26.767",13.162600000000001
P9WQA1,alphafold3_P9WQA1_model_0,1,UNU,0.64,"10.569,11.094,12.399,13.003,13.397,13.706,16.935,23.983,28.387,29.581",17.3054
P9WQA1,alphafold3_P9WQA1_model_0,2,GJY,8.783,"0.614,8.607,11.07,15.948,16.215,18.437,22.221,22.964,27.096,29.459",17.2631
P9WQA1,alphafold3_P9WQA1_model_1,1,GJY,8.635,"6.982,9.545,10.993,15.353,15.505,15.518,17.562,25.608,26.43,30.65",17.4146
P9WQA1,alphafold3_P9WQA1_model_1,2,GJY,0.419,"10.619,15.234,16.842,19.448,21.471,22.274,24.133,25.5,31.222,33.977",22.072000000000003
P9WQA1,alphafold3_P9WQA1_model_2,1,GJY,9.384,"7.708,17.488,20.199,20.899,21.479,21.803,26.839,27.001,30.881,31.158",22.545499999999997
P9WQA1,alphafold3_P9WQA1_model_2,2,UNU,0.67,"8.456,18.562,20.663,23.962,25.02,25.526,25.858,26.786,28.126,29.432",23.2391
P9WQA1,alphafold3_P9WQA1_model_3,1,GJY,9.086,"4.092,8.329,8.947,17.861,18.787,18.912,19.542,23.121,25.229,28.477",17.3297
P9WQA1,alphafold3_P9WQA1_model_3,2,GJY,0.367,"7.877,8.003,10.263,11.41,14.868,19.388,24.736,25.945,26.34,26.477",17.5307
P9WQA1,alphafold3_P9WQA1_model_4,1,GJY,10.798,"1.238,1.955,4.021,9.659,16.353,19.032,21.122,25.866,29.361,29.547",15.8154
P9WQA1,alphafold3_P9WQA1_model_4,2,GJY,0.311,"1.725,10.628,14.177,15.602,15.713,18.668,19.987,21.8,22.44,27.147",16.7887
P9WQA1,chai1_P9WQA1_model_0,1,TAR,2.217,"4.131,9.039,14.329,16.524,16.795,18.286,18.594,23.856,24.191,26.317",17.206200000000003
P9WQA1,chai1_P9WQA1_model_0,2,GJY,9.581,"4.32,6.127,8.442,11.007,13.526,14.841,16.923,18.499,21.365,23.137",13.818699999999998
P9WQA1,chai1_P9WQA1_model_1,1,GJY,8.126,"6.655,11.658,13.557,14.73,17.192,18.065,24.364,29.136,31.932,34.302",20.1591
P9WQA1,chai1_P9WQA1_model_1,2,UNU,0.386,"5.735,11.623,14.196,14.196,19.824,20.044,23.204,24.302,25.588,33.664",19.237599999999997
P9WQA1,chai1_P9WQA1_model_2,1,GJY,8.378,"3.665,11.628,13.149,15.953,16.029,17.032,17.572,18.787,19.692,22.064",15.557099999999997
P9WQA1,chai1_P9WQA1_model_2,2,TAR,0.619,"5.088,16.136,19.535,20.572,22.203,22.488,23.067,24.195,28.662,30.331",21.2277
P9WQA1,chai1_P9WQA1_model_3,1,GJY,10.258,"2.902,4.114,13.723,14.409,16.721,17.831,19.004,23.946,28.115,28.453",16.9218
P9WQA1,chai1_P9WQA1_model_3,2,TAR,1.227,"7.714,8.655,11.405,15.858,16.114,17.08,21.27,24.724,27.058,30.564",18.044199999999996
P9WQA1,chai1_P9WQA1_model_4,1,TAR,0.921,"3.26,8.651,12.574,14.259,14.822,15.261,15.548,22.593,24.977,26.415",15.835999999999999
P9WQA1,chai1_P9WQA1_model_4,2,GJY,9.831,"9.373,13.835,15.502,21.806,22.12,22.238,22.538,23.089,28.692,29.241",20.843400000000003
P9WQA1,swissmodel_P9WQA1_model_0,1,GJY,8.889,"3.046,5.799,12.216,12.448,15.215,16.974,22.925,24.309,24.949,25.001",16.2882
P9WQA1,swissmodel_P9WQA1_model_0,2,UNU,0.465,"5.617,6.035,12.351,13.279,15.954,17.066,19.923,21.321,22.708,26.6",16.0854
P9WQA1,swissmodel_P9WQA1_model_1,1,GJY,0.385,"4.93,6.501,18.327,23.604,24.884,24.918,25.079,25.72,26.797,27.363",20.8123
