Uniprot ID	PDB Structure	Pocket	HET RES	Min Distance
P9WFT3	pdb7elt	pocket_1_alphafold2_P9WFT3_model_0	TYM	2.25
P9WFT3	pdb7elt	pocket_1_alphafold3_P9WFT3_model_0	TYM	1.735
P9WFT3	pdb7elt	pocket_1_swissmodel_P9WFT3_model_0	TYM	0.915
P9WFT3	pdb7elt	pocket_2_alphafold2_P9WFT3_model_0	TYM	3.546
P9WFT3	pdb7elt	pocket_2_alphafold3_P9WFT3_model_2	TYM	1.422
P9WFT3	pdb7elt	pocket_2_alphafold3_P9WFT3_model_3	TYM	13.539
P9WFT3	pdb7elt	pocket_2_chai1_P9WFT3_model_3	TYM	1.162
P9WFT3	pdb7elt	pocket_2_chai1_P9WFT3_model_4	TYM	1.343
P9WFT3	pdb7elt	pocket_2_swissmodel_P9WFT3_model_0	TYM	9.017
P9WFT3	pdb7ens	pocket_1_alphafold2_P9WFT3_model_0	5BX	1.844
P9WFT3	pdb7ens	pocket_1_alphafold3_P9WFT3_model_0	5BX	1.385
P9WFT3	pdb7ens	pocket_1_swissmodel_P9WFT3_model_0	5BX	3.664
P9WFT3	pdb7ens	pocket_2_alphafold2_P9WFT3_model_0	5BX	8.056
P9WFT3	pdb7ens	pocket_2_alphafold3_P9WFT3_model_2	5BX	1.143
P9WFT3	pdb7ens	pocket_2_alphafold3_P9WFT3_model_3	5BX	17.981
P9WFT3	pdb7ens	pocket_2_chai1_P9WFT3_model_3	5BX	0.822
P9WFT3	pdb7ens	pocket_2_chai1_P9WFT3_model_4	5BX	0.627
P9WFT3	pdb7ens	pocket_2_swissmodel_P9WFT3_model_0	5BX	18.873
P9WFT3	pdb7ens	pocket_1_alphafold2_P9WFT3_model_0	ATP	6.981
P9WFT3	pdb7ens	pocket_1_alphafold3_P9WFT3_model_0	ATP	6.109
P9WFT3	pdb7ens	pocket_1_swissmodel_P9WFT3_model_0	ATP	0.949
P9WFT3	pdb7ens	pocket_2_alphafold2_P9WFT3_model_0	ATP	2.52
P9WFT3	pdb7ens	pocket_2_alphafold3_P9WFT3_model_2	ATP	6.128
P9WFT3	pdb7ens	pocket_2_alphafold3_P9WFT3_model_3	ATP	11.161
P9WFT3	pdb7ens	pocket_2_chai1_P9WFT3_model_3	ATP	6.818
P9WFT3	pdb7ens	pocket_2_chai1_P9WFT3_model_4	ATP	5.075
P9WFT3	pdb7ens	pocket_2_swissmodel_P9WFT3_model_0	ATP	9.233
P9WFT3	pdb7ens	pocket_1_alphafold2_P9WFT3_model_0	MG	8.403
P9WFT3	pdb7ens	pocket_1_alphafold3_P9WFT3_model_0	MG	8.183
P9WFT3	pdb7ens	pocket_1_swissmodel_P9WFT3_model_0	MG	3.957
P9WFT3	pdb7ens	pocket_2_alphafold2_P9WFT3_model_0	MG	6.324
P9WFT3	pdb7ens	pocket_2_alphafold3_P9WFT3_model_2	MG	8.611
P9WFT3	pdb7ens	pocket_2_alphafold3_P9WFT3_model_3	MG	15.129
P9WFT3	pdb7ens	pocket_2_chai1_P9WFT3_model_3	MG	8.477
P9WFT3	pdb7ens	pocket_2_chai1_P9WFT3_model_4	MG	6.213
P9WFT3	pdb7ens	pocket_2_swissmodel_P9WFT3_model_0	MG	17.883
P9WFT3	pdb7ent	pocket_1_alphafold2_P9WFT3_model_0	ATP	7.0
P9WFT3	pdb7ent	pocket_1_alphafold3_P9WFT3_model_0	ATP	6.124
P9WFT3	pdb7ent	pocket_1_swissmodel_P9WFT3_model_0	ATP	1.391
P9WFT3	pdb7ent	pocket_2_alphafold2_P9WFT3_model_0	ATP	2.608
P9WFT3	pdb7ent	pocket_2_alphafold3_P9WFT3_model_2	ATP	6.184
P9WFT3	pdb7ent	pocket_2_alphafold3_P9WFT3_model_3	ATP	11.212
P9WFT3	pdb7ent	pocket_2_chai1_P9WFT3_model_3	ATP	6.872
P9WFT3	pdb7ent	pocket_2_chai1_P9WFT3_model_4	ATP	5.344
P9WFT3	pdb7ent	pocket_2_swissmodel_P9WFT3_model_0	ATP	9.155
P9WFT3	pdb7ent	pocket_1_alphafold2_P9WFT3_model_0	J9L	1.865
P9WFT3	pdb7ent	pocket_1_alphafold3_P9WFT3_model_0	J9L	1.441
P9WFT3	pdb7ent	pocket_1_swissmodel_P9WFT3_model_0	J9L	3.442
P9WFT3	pdb7ent	pocket_2_alphafold2_P9WFT3_model_0	J9L	7.884
P9WFT3	pdb7ent	pocket_2_alphafold3_P9WFT3_model_2	J9L	1.099
P9WFT3	pdb7ent	pocket_2_alphafold3_P9WFT3_model_3	J9L	17.961
P9WFT3	pdb7ent	pocket_2_chai1_P9WFT3_model_3	J9L	0.816
P9WFT3	pdb7ent	pocket_2_chai1_P9WFT3_model_4	J9L	0.578
P9WFT3	pdb7ent	pocket_2_swissmodel_P9WFT3_model_0	J9L	18.868
P9WFT3	pdb7ent	pocket_1_alphafold2_P9WFT3_model_0	MG	8.533
P9WFT3	pdb7ent	pocket_1_alphafold3_P9WFT3_model_0	MG	8.305
P9WFT3	pdb7ent	pocket_1_swissmodel_P9WFT3_model_0	MG	4.094
P9WFT3	pdb7ent	pocket_2_alphafold2_P9WFT3_model_0	MG	6.381
P9WFT3	pdb7ent	pocket_2_alphafold3_P9WFT3_model_2	MG	8.742
P9WFT3	pdb7ent	pocket_2_alphafold3_P9WFT3_model_3	MG	15.192
P9WFT3	pdb7ent	pocket_2_chai1_P9WFT3_model_3	MG	8.649
P9WFT3	pdb7ent	pocket_2_chai1_P9WFT3_model_4	MG	6.415
P9WFT3	pdb7ent	pocket_2_swissmodel_P9WFT3_model_0	MG	17.553
P9WFT3	pdb7ev2	pocket_1_alphafold2_P9WFT3_model_0	ATP	6.952
P9WFT3	pdb7ev2	pocket_1_alphafold3_P9WFT3_model_0	ATP	6.099
P9WFT3	pdb7ev2	pocket_1_swissmodel_P9WFT3_model_0	ATP	1.08
P9WFT3	pdb7ev2	pocket_2_alphafold2_P9WFT3_model_0	ATP	2.502
P9WFT3	pdb7ev2	pocket_2_alphafold3_P9WFT3_model_2	ATP	6.162
P9WFT3	pdb7ev2	pocket_2_alphafold3_P9WFT3_model_3	ATP	11.081
P9WFT3	pdb7ev2	pocket_2_chai1_P9WFT3_model_3	ATP	6.816
P9WFT3	pdb7ev2	pocket_2_chai1_P9WFT3_model_4	ATP	5.404
P9WFT3	pdb7ev2	pocket_2_swissmodel_P9WFT3_model_0	ATP	9.052
P9WFT3	pdb7ev2	pocket_1_alphafold2_P9WFT3_model_0	JE0	1.759
P9WFT3	pdb7ev2	pocket_1_alphafold3_P9WFT3_model_0	JE0	1.345
P9WFT3	pdb7ev2	pocket_1_swissmodel_P9WFT3_model_0	JE0	3.52
P9WFT3	pdb7ev2	pocket_2_alphafold2_P9WFT3_model_0	JE0	7.945
P9WFT3	pdb7ev2	pocket_2_alphafold3_P9WFT3_model_2	JE0	0.988
P9WFT3	pdb7ev2	pocket_2_alphafold3_P9WFT3_model_3	JE0	17.966
P9WFT3	pdb7ev2	pocket_2_chai1_P9WFT3_model_3	JE0	0.706
P9WFT3	pdb7ev2	pocket_2_chai1_P9WFT3_model_4	JE0	0.581
P9WFT3	pdb7ev2	pocket_2_swissmodel_P9WFT3_model_0	JE0	18.749
P9WFT3	pdb7ev2	pocket_1_alphafold2_P9WFT3_model_0	MG	8.71
P9WFT3	pdb7ev2	pocket_1_alphafold3_P9WFT3_model_0	MG	8.461
P9WFT3	pdb7ev2	pocket_1_swissmodel_P9WFT3_model_0	MG	4.116
P9WFT3	pdb7ev2	pocket_2_alphafold2_P9WFT3_model_0	MG	6.227
P9WFT3	pdb7ev2	pocket_2_alphafold3_P9WFT3_model_2	MG	8.891
P9WFT3	pdb7ev2	pocket_2_alphafold3_P9WFT3_model_3	MG	15.034
P9WFT3	pdb7ev2	pocket_2_chai1_P9WFT3_model_3	MG	8.823
P9WFT3	pdb7ev2	pocket_2_chai1_P9WFT3_model_4	MG	6.601
P9WFT3	pdb7ev2	pocket_2_swissmodel_P9WFT3_model_0	MG	17.334
P9WFT3	pdb7ev3	pocket_1_alphafold2_P9WFT3_model_0	ATP	6.87
P9WFT3	pdb7ev3	pocket_1_alphafold3_P9WFT3_model_0	ATP	6.011
P9WFT3	pdb7ev3	pocket_1_swissmodel_P9WFT3_model_0	ATP	0.937
P9WFT3	pdb7ev3	pocket_2_alphafold2_P9WFT3_model_0	ATP	2.524
P9WFT3	pdb7ev3	pocket_2_alphafold3_P9WFT3_model_2	ATP	6.092
P9WFT3	pdb7ev3	pocket_2_alphafold3_P9WFT3_model_3	ATP	11.157
P9WFT3	pdb7ev3	pocket_2_chai1_P9WFT3_model_3	ATP	6.604
P9WFT3	pdb7ev3	pocket_2_chai1_P9WFT3_model_4	ATP	5.17
P9WFT3	pdb7ev3	pocket_2_swissmodel_P9WFT3_model_0	ATP	9.19
P9WFT3	pdb7ev3	pocket_1_alphafold2_P9WFT3_model_0	JE3	1.851
P9WFT3	pdb7ev3	pocket_1_alphafold3_P9WFT3_model_0	JE3	1.344
P9WFT3	pdb7ev3	pocket_1_swissmodel_P9WFT3_model_0	JE3	3.266
P9WFT3	pdb7ev3	pocket_2_alphafold2_P9WFT3_model_0	JE3	7.707
P9WFT3	pdb7ev3	pocket_2_alphafold3_P9WFT3_model_2	JE3	1.147
P9WFT3	pdb7ev3	pocket_2_alphafold3_P9WFT3_model_3	JE3	17.819
P9WFT3	pdb7ev3	pocket_2_chai1_P9WFT3_model_3	JE3	0.887
P9WFT3	pdb7ev3	pocket_2_chai1_P9WFT3_model_4	JE3	0.658
P9WFT3	pdb7ev3	pocket_2_swissmodel_P9WFT3_model_0	JE3	18.765
P9WFT3	pdb7ev3	pocket_1_alphafold2_P9WFT3_model_0	MG	8.712
P9WFT3	pdb7ev3	pocket_1_alphafold3_P9WFT3_model_0	MG	8.487
P9WFT3	pdb7ev3	pocket_1_swissmodel_P9WFT3_model_0	MG	4.207
P9WFT3	pdb7ev3	pocket_2_alphafold2_P9WFT3_model_0	MG	6.342
P9WFT3	pdb7ev3	pocket_2_alphafold3_P9WFT3_model_2	MG	8.92
P9WFT3	pdb7ev3	pocket_2_alphafold3_P9WFT3_model_3	MG	15.01
P9WFT3	pdb7ev3	pocket_2_chai1_P9WFT3_model_3	MG	8.812
P9WFT3	pdb7ev3	pocket_2_chai1_P9WFT3_model_4	MG	6.564
P9WFT3	pdb7ev3	pocket_2_swissmodel_P9WFT3_model_0	MG	17.624
P9WFU1	pdb7daw	pocket_1_alphafold2_P9WFU1_model_0	SO4	12.589
P9WFU1	pdb7daw	pocket_1_swissmodel_P9WFU1_model_0	SO4	2.025
P9WFU1	pdb7daw	pocket_2_alphafold2_P9WFU1_model_0	SO4	24.828
P9WFU1	pdb7daw	pocket_2_alphafold3_P9WFU1_model_0	SO4	21.072
P9WFU1	pdb7daw	pocket_2_alphafold3_P9WFU1_model_1	SO4	18.185
P9WFU1	pdb7daw	pocket_2_alphafold3_P9WFU1_model_2	SO4	23.163
P9WFU1	pdb7daw	pocket_2_alphafold3_P9WFU1_model_4	SO4	18.072
P9WFU1	pdb7daw	pocket_2_chai1_P9WFU1_model_0	SO4	12.986
P9WFU1	pdb7daw	pocket_2_swissmodel_P9WFU1_model_0	SO4	15.609
P9WFU1	pdb7daw	pocket_3_alphafold3_P9WFU1_model_0	SO4	11.713
P9WFU1	pdb7daw	pocket_3_alphafold3_P9WFU1_model_4	SO4	25.004
P9WFU1	pdb7daw	pocket_3_chai1_P9WFU1_model_3	SO4	21.528
P9WFU1	pdb7daw	pocket_3_swissmodel_P9WFU1_model_0	SO4	19.368
P9WFU1	pdb7db7	pocket_1_alphafold2_P9WFU1_model_0	H2L	36.525
P9WFU1	pdb7db7	pocket_1_swissmodel_P9WFU1_model_0	H2L	25.317
P9WFU1	pdb7db7	pocket_2_alphafold2_P9WFU1_model_0	H2L	47.138
P9WFU1	pdb7db7	pocket_2_alphafold3_P9WFU1_model_0	H2L	35.296
P9WFU1	pdb7db7	pocket_2_alphafold3_P9WFU1_model_1	H2L	35.916
P9WFU1	pdb7db7	pocket_2_alphafold3_P9WFU1_model_2	H2L	37.567
P9WFU1	pdb7db7	pocket_2_alphafold3_P9WFU1_model_4	H2L	35.727
P9WFU1	pdb7db7	pocket_2_chai1_P9WFU1_model_0	H2L	22.872
P9WFU1	pdb7db7	pocket_2_swissmodel_P9WFU1_model_0	H2L	30.199
P9WFU1	pdb7db7	pocket_3_alphafold3_P9WFU1_model_0	H2L	13.029
P9WFU1	pdb7db7	pocket_3_alphafold3_P9WFU1_model_4	H2L	48.983
P9WFU1	pdb7db7	pocket_3_chai1_P9WFU1_model_3	H2L	42.331
P9WFU1	pdb7db7	pocket_3_swissmodel_P9WFU1_model_0	H2L	34.222
P9WFU1	pdb7db7	pocket_1_alphafold2_P9WFU1_model_0	SO4	12.242
P9WFU1	pdb7db7	pocket_1_swissmodel_P9WFU1_model_0	SO4	2.02
P9WFU1	pdb7db7	pocket_2_alphafold2_P9WFU1_model_0	SO4	24.693
P9WFU1	pdb7db7	pocket_2_alphafold3_P9WFU1_model_0	SO4	21.237
P9WFU1	pdb7db7	pocket_2_alphafold3_P9WFU1_model_1	SO4	18.129
P9WFU1	pdb7db7	pocket_2_alphafold3_P9WFU1_model_2	SO4	23.256
P9WFU1	pdb7db7	pocket_2_alphafold3_P9WFU1_model_4	SO4	18.068
P9WFU1	pdb7db7	pocket_2_chai1_P9WFU1_model_0	SO4	12.959
P9WFU1	pdb7db7	pocket_2_swissmodel_P9WFU1_model_0	SO4	14.864
P9WFU1	pdb7db7	pocket_3_alphafold3_P9WFU1_model_0	SO4	11.617
P9WFU1	pdb7db7	pocket_3_alphafold3_P9WFU1_model_4	SO4	24.831
P9WFU1	pdb7db7	pocket_3_chai1_P9WFU1_model_3	SO4	21.395
P9WFU1	pdb7db7	pocket_3_swissmodel_P9WFU1_model_0	SO4	19.307
P9WFU1	pdb7db8	pocket_1_alphafold2_P9WFU1_model_0	H2R	42.137
P9WFU1	pdb7db8	pocket_1_swissmodel_P9WFU1_model_0	H2R	31.48
P9WFU1	pdb7db8	pocket_2_alphafold2_P9WFU1_model_0	H2R	43.206
P9WFU1	pdb7db8	pocket_2_alphafold3_P9WFU1_model_0	H2R	34.673
P9WFU1	pdb7db8	pocket_2_alphafold3_P9WFU1_model_1	H2R	31.281
P9WFU1	pdb7db8	pocket_2_alphafold3_P9WFU1_model_2	H2R	33.967
P9WFU1	pdb7db8	pocket_2_alphafold3_P9WFU1_model_4	H2R	30.147
P9WFU1	pdb7db8	pocket_2_chai1_P9WFU1_model_0	H2R	22.227
P9WFU1	pdb7db8	pocket_2_swissmodel_P9WFU1_model_0	H2R	24.822
P9WFU1	pdb7db8	pocket_3_alphafold3_P9WFU1_model_0	H2R	12.912
P9WFU1	pdb7db8	pocket_3_alphafold3_P9WFU1_model_4	H2R	45.519
P9WFU1	pdb7db8	pocket_3_chai1_P9WFU1_model_3	H2R	38.59
P9WFU1	pdb7db8	pocket_3_swissmodel_P9WFU1_model_0	H2R	36.733
P9WFU1	pdb7db8	pocket_1_alphafold2_P9WFU1_model_0	SO4	11.872
P9WFU1	pdb7db8	pocket_1_swissmodel_P9WFU1_model_0	SO4	2.84
P9WFU1	pdb7db8	pocket_2_alphafold2_P9WFU1_model_0	SO4	24.416
P9WFU1	pdb7db8	pocket_2_alphafold3_P9WFU1_model_0	SO4	20.98
P9WFU1	pdb7db8	pocket_2_alphafold3_P9WFU1_model_1	SO4	18.072
P9WFU1	pdb7db8	pocket_2_alphafold3_P9WFU1_model_2	SO4	23.115
P9WFU1	pdb7db8	pocket_2_alphafold3_P9WFU1_model_4	SO4	17.885
P9WFU1	pdb7db8	pocket_2_chai1_P9WFU1_model_0	SO4	12.759
P9WFU1	pdb7db8	pocket_2_swissmodel_P9WFU1_model_0	SO4	15.036
P9WFU1	pdb7db8	pocket_3_alphafold3_P9WFU1_model_0	SO4	11.246
P9WFU1	pdb7db8	pocket_3_alphafold3_P9WFU1_model_4	SO4	24.455
P9WFU1	pdb7db8	pocket_3_chai1_P9WFU1_model_3	SO4	21.137
P9WFU1	pdb7db8	pocket_3_swissmodel_P9WFU1_model_0	SO4	19.849
P9WFU1	pdb7k98	pocket_1_alphafold2_P9WFU1_model_0	CL	97.377
P9WFU1	pdb7k98	pocket_1_swissmodel_P9WFU1_model_0	CL	88.584
P9WFU1	pdb7k98	pocket_2_alphafold2_P9WFU1_model_0	CL	25.191
P9WFU1	pdb7k98	pocket_2_alphafold3_P9WFU1_model_0	CL	40.304
P9WFU1	pdb7k98	pocket_2_alphafold3_P9WFU1_model_1	CL	35.754
P9WFU1	pdb7k98	pocket_2_alphafold3_P9WFU1_model_2	CL	35.94
P9WFU1	pdb7k98	pocket_2_alphafold3_P9WFU1_model_4	CL	37.896
P9WFU1	pdb7k98	pocket_2_chai1_P9WFU1_model_0	CL	49.608
P9WFU1	pdb7k98	pocket_2_swissmodel_P9WFU1_model_0	CL	44.013
P9WFU1	pdb7k98	pocket_3_alphafold3_P9WFU1_model_0	CL	71.965
P9WFU1	pdb7k98	pocket_3_alphafold3_P9WFU1_model_4	CL	21.696
P9WFU1	pdb7k98	pocket_3_chai1_P9WFU1_model_3	CL	28.706
P9WFU1	pdb7k98	pocket_3_swissmodel_P9WFU1_model_0	CL	83.239
P9WFU1	pdb7k98	pocket_1_alphafold2_P9WFU1_model_0	GOL	16.456
P9WFU1	pdb7k98	pocket_1_swissmodel_P9WFU1_model_0	GOL	23.886
P9WFU1	pdb7k98	pocket_2_alphafold2_P9WFU1_model_0	GOL	48.29
P9WFU1	pdb7k98	pocket_2_alphafold3_P9WFU1_model_0	GOL	44.232
P9WFU1	pdb7k98	pocket_2_alphafold3_P9WFU1_model_1	GOL	38.218
P9WFU1	pdb7k98	pocket_2_alphafold3_P9WFU1_model_2	GOL	40.569
P9WFU1	pdb7k98	pocket_2_alphafold3_P9WFU1_model_4	GOL	34.46
P9WFU1	pdb7k98	pocket_2_chai1_P9WFU1_model_0	GOL	38.703
P9WFU1	pdb7k98	pocket_2_swissmodel_P9WFU1_model_0	GOL	29.873
P9WFU1	pdb7k98	pocket_3_alphafold3_P9WFU1_model_0	GOL	30.1
P9WFU1	pdb7k98	pocket_3_alphafold3_P9WFU1_model_4	GOL	52.511
P9WFU1	pdb7k98	pocket_3_chai1_P9WFU1_model_3	GOL	45.801
P9WFU1	pdb7k98	pocket_3_swissmodel_P9WFU1_model_0	GOL	19.803
P9WFU1	pdb7k98	pocket_1_alphafold2_P9WFU1_model_0	MG	34.986
P9WFU1	pdb7k98	pocket_1_swissmodel_P9WFU1_model_0	MG	25.704
P9WFU1	pdb7k98	pocket_2_alphafold2_P9WFU1_model_0	MG	37.547
P9WFU1	pdb7k98	pocket_2_alphafold3_P9WFU1_model_0	MG	36.274
P9WFU1	pdb7k98	pocket_2_alphafold3_P9WFU1_model_1	MG	27.963
P9WFU1	pdb7k98	pocket_2_alphafold3_P9WFU1_model_2	MG	32.227
P9WFU1	pdb7k98	pocket_2_alphafold3_P9WFU1_model_4	MG	24.043
P9WFU1	pdb7k98	pocket_2_chai1_P9WFU1_model_0	MG	25.431
P9WFU1	pdb7k98	pocket_2_swissmodel_P9WFU1_model_0	MG	21.515
P9WFU1	pdb7k98	pocket_3_alphafold3_P9WFU1_model_0	MG	9.036
P9WFU1	pdb7k98	pocket_3_alphafold3_P9WFU1_model_4	MG	35.762
P9WFU1	pdb7k98	pocket_3_chai1_P9WFU1_model_3	MG	35.118
P9WFU1	pdb7k98	pocket_3_swissmodel_P9WFU1_model_0	MG	29.739
P9WFU1	pdb7k98	pocket_1_alphafold2_P9WFU1_model_0	W5Y	40.714
P9WFU1	pdb7k98	pocket_1_swissmodel_P9WFU1_model_0	W5Y	29.71
P9WFU1	pdb7k98	pocket_2_alphafold2_P9WFU1_model_0	W5Y	42.46
P9WFU1	pdb7k98	pocket_2_alphafold3_P9WFU1_model_0	W5Y	34.721
P9WFU1	pdb7k98	pocket_2_alphafold3_P9WFU1_model_1	W5Y	30.468
P9WFU1	pdb7k98	pocket_2_alphafold3_P9WFU1_model_2	W5Y	33.258
P9WFU1	pdb7k98	pocket_2_alphafold3_P9WFU1_model_4	W5Y	29.152
P9WFU1	pdb7k98	pocket_2_chai1_P9WFU1_model_0	W5Y	23.35
P9WFU1	pdb7k98	pocket_2_swissmodel_P9WFU1_model_0	W5Y	23.779
P9WFU1	pdb7k98	pocket_3_alphafold3_P9WFU1_model_0	W5Y	12.451
P9WFU1	pdb7k98	pocket_3_alphafold3_P9WFU1_model_4	W5Y	44.885
P9WFU1	pdb7k98	pocket_3_chai1_P9WFU1_model_3	W5Y	37.91
P9WFU1	pdb7k98	pocket_3_swissmodel_P9WFU1_model_0	W5Y	35.955
P9WFU1	pdb7k9m	pocket_1_alphafold2_P9WFU1_model_0	GOL	12.545
P9WFU1	pdb7k9m	pocket_1_swissmodel_P9WFU1_model_0	GOL	1.942
P9WFU1	pdb7k9m	pocket_2_alphafold2_P9WFU1_model_0	GOL	16.696
P9WFU1	pdb7k9m	pocket_2_alphafold3_P9WFU1_model_0	GOL	24.567
P9WFU1	pdb7k9m	pocket_2_alphafold3_P9WFU1_model_1	GOL	14.671
P9WFU1	pdb7k9m	pocket_2_alphafold3_P9WFU1_model_2	GOL	19.677
P9WFU1	pdb7k9m	pocket_2_alphafold3_P9WFU1_model_4	GOL	14.161
P9WFU1	pdb7k9m	pocket_2_chai1_P9WFU1_model_0	GOL	14.537
P9WFU1	pdb7k9m	pocket_2_swissmodel_P9WFU1_model_0	GOL	19.326
P9WFU1	pdb7k9m	pocket_3_alphafold3_P9WFU1_model_0	GOL	5.384
P9WFU1	pdb7k9m	pocket_3_alphafold3_P9WFU1_model_4	GOL	17.708
P9WFU1	pdb7k9m	pocket_3_chai1_P9WFU1_model_3	GOL	15.586
P9WFU1	pdb7k9m	pocket_3_swissmodel_P9WFU1_model_0	GOL	18.93
P9WFU1	pdb7k9m	pocket_1_alphafold2_P9WFU1_model_0	MG	35.145
P9WFU1	pdb7k9m	pocket_1_swissmodel_P9WFU1_model_0	MG	22.593
P9WFU1	pdb7k9m	pocket_2_alphafold2_P9WFU1_model_0	MG	47.55
P9WFU1	pdb7k9m	pocket_2_alphafold3_P9WFU1_model_0	MG	36.047
P9WFU1	pdb7k9m	pocket_2_alphafold3_P9WFU1_model_1	MG	36.373
P9WFU1	pdb7k9m	pocket_2_alphafold3_P9WFU1_model_2	MG	36.953
P9WFU1	pdb7k9m	pocket_2_alphafold3_P9WFU1_model_4	MG	34.962
P9WFU1	pdb7k9m	pocket_2_chai1_P9WFU1_model_0	MG	25.46
P9WFU1	pdb7k9m	pocket_2_swissmodel_P9WFU1_model_0	MG	28.8
P9WFU1	pdb7k9m	pocket_3_alphafold3_P9WFU1_model_0	MG	5.712
P9WFU1	pdb7k9m	pocket_3_alphafold3_P9WFU1_model_4	MG	50.818
P9WFU1	pdb7k9m	pocket_3_chai1_P9WFU1_model_3	MG	43.533
P9WFU1	pdb7k9m	pocket_3_swissmodel_P9WFU1_model_0	MG	31.8
P9WFU1	pdb7k9m	pocket_1_alphafold2_P9WFU1_model_0	P6G	51.591
P9WFU1	pdb7k9m	pocket_1_swissmodel_P9WFU1_model_0	P6G	43.698
P9WFU1	pdb7k9m	pocket_2_alphafold2_P9WFU1_model_0	P6G	63.221
P9WFU1	pdb7k9m	pocket_2_alphafold3_P9WFU1_model_0	P6G	50.669
P9WFU1	pdb7k9m	pocket_2_alphafold3_P9WFU1_model_1	P6G	53.889
P9WFU1	pdb7k9m	pocket_2_alphafold3_P9WFU1_model_2	P6G	54.134
P9WFU1	pdb7k9m	pocket_2_alphafold3_P9WFU1_model_4	P6G	54.892
P9WFU1	pdb7k9m	pocket_2_chai1_P9WFU1_model_0	P6G	38.875
P9WFU1	pdb7k9m	pocket_2_swissmodel_P9WFU1_model_0	P6G	50.424
P9WFU1	pdb7k9m	pocket_3_alphafold3_P9WFU1_model_0	P6G	24.343
P9WFU1	pdb7k9m	pocket_3_alphafold3_P9WFU1_model_4	P6G	64.132
P9WFU1	pdb7k9m	pocket_3_chai1_P9WFU1_model_3	P6G	58.487
P9WFU1	pdb7k9m	pocket_3_swissmodel_P9WFU1_model_0	P6G	53.672
P9WFU1	pdb7k9m	pocket_1_alphafold2_P9WFU1_model_0	PGE	91.501
P9WFU1	pdb7k9m	pocket_1_swissmodel_P9WFU1_model_0	PGE	79.093
P9WFU1	pdb7k9m	pocket_2_alphafold2_P9WFU1_model_0	PGE	19.139
P9WFU1	pdb7k9m	pocket_2_alphafold3_P9WFU1_model_0	PGE	28.123
P9WFU1	pdb7k9m	pocket_2_alphafold3_P9WFU1_model_1	PGE	24.108
P9WFU1	pdb7k9m	pocket_2_alphafold3_P9WFU1_model_2	PGE	25.349
P9WFU1	pdb7k9m	pocket_2_alphafold3_P9WFU1_model_4	PGE	27.582
P9WFU1	pdb7k9m	pocket_2_chai1_P9WFU1_model_0	PGE	33.246
P9WFU1	pdb7k9m	pocket_2_swissmodel_P9WFU1_model_0	PGE	32.313
P9WFU1	pdb7k9m	pocket_3_alphafold3_P9WFU1_model_0	PGE	63.702
P9WFU1	pdb7k9m	pocket_3_alphafold3_P9WFU1_model_4	PGE	14.484
P9WFU1	pdb7k9m	pocket_3_chai1_P9WFU1_model_3	PGE	18.526
P9WFU1	pdb7k9m	pocket_3_swissmodel_P9WFU1_model_0	PGE	83.789
P9WFU1	pdb7k9m	pocket_1_alphafold2_P9WFU1_model_0	W5Y	41.07
P9WFU1	pdb7k9m	pocket_1_swissmodel_P9WFU1_model_0	W5Y	30.438
P9WFU1	pdb7k9m	pocket_2_alphafold2_P9WFU1_model_0	W5Y	43.169
P9WFU1	pdb7k9m	pocket_2_alphafold3_P9WFU1_model_0	W5Y	35.709
P9WFU1	pdb7k9m	pocket_2_alphafold3_P9WFU1_model_1	W5Y	31.213
P9WFU1	pdb7k9m	pocket_2_alphafold3_P9WFU1_model_2	W5Y	34.165
P9WFU1	pdb7k9m	pocket_2_alphafold3_P9WFU1_model_4	W5Y	30.005
P9WFU1	pdb7k9m	pocket_2_chai1_P9WFU1_model_0	W5Y	23.992
P9WFU1	pdb7k9m	pocket_2_swissmodel_P9WFU1_model_0	W5Y	24.818
P9WFU1	pdb7k9m	pocket_3_alphafold3_P9WFU1_model_0	W5Y	11.551
P9WFU1	pdb7k9m	pocket_3_alphafold3_P9WFU1_model_4	W5Y	45.428
P9WFU1	pdb7k9m	pocket_3_chai1_P9WFU1_model_3	W5Y	38.555
P9WFU1	pdb7k9m	pocket_3_swissmodel_P9WFU1_model_0	W5Y	36.286
P9WFU1	pdb7ka0	pocket_1_alphafold2_P9WFU1_model_0	ACT	78.691
P9WFU1	pdb7ka0	pocket_1_swissmodel_P9WFU1_model_0	ACT	67.38
P9WFU1	pdb7ka0	pocket_2_alphafold2_P9WFU1_model_0	ACT	24.776
P9WFU1	pdb7ka0	pocket_2_alphafold3_P9WFU1_model_0	ACT	34.268
P9WFU1	pdb7ka0	pocket_2_alphafold3_P9WFU1_model_1	ACT	24.655
P9WFU1	pdb7ka0	pocket_2_alphafold3_P9WFU1_model_2	ACT	26.803
P9WFU1	pdb7ka0	pocket_2_alphafold3_P9WFU1_model_4	ACT	21.836
P9WFU1	pdb7ka0	pocket_2_chai1_P9WFU1_model_0	ACT	39.743
P9WFU1	pdb7ka0	pocket_2_swissmodel_P9WFU1_model_0	ACT	25.298
P9WFU1	pdb7ka0	pocket_3_alphafold3_P9WFU1_model_0	ACT	65.389
P9WFU1	pdb7ka0	pocket_3_alphafold3_P9WFU1_model_4	ACT	28.392
P9WFU1	pdb7ka0	pocket_3_chai1_P9WFU1_model_3	ACT	26.249
P9WFU1	pdb7ka0	pocket_3_swissmodel_P9WFU1_model_0	ACT	68.262
P9WFU1	pdb7ka0	pocket_1_alphafold2_P9WFU1_model_0	GOL	41.445
P9WFU1	pdb7ka0	pocket_1_swissmodel_P9WFU1_model_0	GOL	32.175
P9WFU1	pdb7ka0	pocket_2_alphafold2_P9WFU1_model_0	GOL	37.403
P9WFU1	pdb7ka0	pocket_2_alphafold3_P9WFU1_model_0	GOL	26.042
P9WFU1	pdb7ka0	pocket_2_alphafold3_P9WFU1_model_1	GOL	29.068
P9WFU1	pdb7ka0	pocket_2_alphafold3_P9WFU1_model_2	GOL	29.048
P9WFU1	pdb7ka0	pocket_2_alphafold3_P9WFU1_model_4	GOL	29.775
P9WFU1	pdb7ka0	pocket_2_chai1_P9WFU1_model_0	GOL	15.122
P9WFU1	pdb7ka0	pocket_2_swissmodel_P9WFU1_model_0	GOL	24.323
P9WFU1	pdb7ka0	pocket_3_alphafold3_P9WFU1_model_0	GOL	9.212
P9WFU1	pdb7ka0	pocket_3_alphafold3_P9WFU1_model_4	GOL	38.124
P9WFU1	pdb7ka0	pocket_3_chai1_P9WFU1_model_3	GOL	32.712
P9WFU1	pdb7ka0	pocket_3_swissmodel_P9WFU1_model_0	GOL	32.186
P9WFU1	pdb7ka0	pocket_1_alphafold2_P9WFU1_model_0	K	9.552
P9WFU1	pdb7ka0	pocket_1_swissmodel_P9WFU1_model_0	K	4.842
P9WFU1	pdb7ka0	pocket_2_alphafold2_P9WFU1_model_0	K	44.132
P9WFU1	pdb7ka0	pocket_2_alphafold3_P9WFU1_model_0	K	46.146
P9WFU1	pdb7ka0	pocket_2_alphafold3_P9WFU1_model_1	K	40.569
P9WFU1	pdb7ka0	pocket_2_alphafold3_P9WFU1_model_2	K	43.899
P9WFU1	pdb7ka0	pocket_2_alphafold3_P9WFU1_model_4	K	42.998
P9WFU1	pdb7ka0	pocket_2_chai1_P9WFU1_model_0	K	42.11
P9WFU1	pdb7ka0	pocket_2_swissmodel_P9WFU1_model_0	K	44.314
P9WFU1	pdb7ka0	pocket_3_alphafold3_P9WFU1_model_0	K	28.808
P9WFU1	pdb7ka0	pocket_3_alphafold3_P9WFU1_model_4	K	41.337
P9WFU1	pdb7ka0	pocket_3_chai1_P9WFU1_model_3	K	40.558
P9WFU1	pdb7ka0	pocket_3_swissmodel_P9WFU1_model_0	K	14.0
P9WFU1	pdb7ka0	pocket_1_alphafold2_P9WFU1_model_0	MG	35.424
P9WFU1	pdb7ka0	pocket_1_swissmodel_P9WFU1_model_0	MG	27.553
P9WFU1	pdb7ka0	pocket_2_alphafold2_P9WFU1_model_0	MG	13.037
P9WFU1	pdb7ka0	pocket_2_alphafold3_P9WFU1_model_0	MG	26.8
P9WFU1	pdb7ka0	pocket_2_alphafold3_P9WFU1_model_1	MG	17.205
P9WFU1	pdb7ka0	pocket_2_alphafold3_P9WFU1_model_2	MG	20.176
P9WFU1	pdb7ka0	pocket_2_alphafold3_P9WFU1_model_4	MG	19.195
P9WFU1	pdb7ka0	pocket_2_chai1_P9WFU1_model_0	MG	32.269
P9WFU1	pdb7ka0	pocket_2_swissmodel_P9WFU1_model_0	MG	24.962
P9WFU1	pdb7ka0	pocket_3_alphafold3_P9WFU1_model_0	MG	13.216
P9WFU1	pdb7ka0	pocket_3_alphafold3_P9WFU1_model_4	MG	10.773
P9WFU1	pdb7ka0	pocket_3_chai1_P9WFU1_model_3	MG	13.0
P9WFU1	pdb7ka0	pocket_3_swissmodel_P9WFU1_model_0	MG	37.344
P9WFU1	pdb7ka0	pocket_1_alphafold2_P9WFU1_model_0	PGE	62.712
P9WFU1	pdb7ka0	pocket_1_swissmodel_P9WFU1_model_0	PGE	53.766
P9WFU1	pdb7ka0	pocket_2_alphafold2_P9WFU1_model_0	PGE	41.589
P9WFU1	pdb7ka0	pocket_2_alphafold3_P9WFU1_model_0	PGE	34.277
P9WFU1	pdb7ka0	pocket_2_alphafold3_P9WFU1_model_1	PGE	36.07
P9WFU1	pdb7ka0	pocket_2_alphafold3_P9WFU1_model_2	PGE	36.602
P9WFU1	pdb7ka0	pocket_2_alphafold3_P9WFU1_model_4	PGE	38.959
P9WFU1	pdb7ka0	pocket_2_chai1_P9WFU1_model_0	PGE	27.146
P9WFU1	pdb7ka0	pocket_2_swissmodel_P9WFU1_model_0	PGE	37.886
P9WFU1	pdb7ka0	pocket_3_alphafold3_P9WFU1_model_0	PGE	26.868
P9WFU1	pdb7ka0	pocket_3_alphafold3_P9WFU1_model_4	PGE	40.362
P9WFU1	pdb7ka0	pocket_3_chai1_P9WFU1_model_3	PGE	37.213
P9WFU1	pdb7ka0	pocket_3_swissmodel_P9WFU1_model_0	PGE	57.355
P9WFU1	pdb7ka0	pocket_1_alphafold2_P9WFU1_model_0	SO4	29.244
P9WFU1	pdb7ka0	pocket_1_swissmodel_P9WFU1_model_0	SO4	18.645
P9WFU1	pdb7ka0	pocket_2_alphafold2_P9WFU1_model_0	SO4	44.553
P9WFU1	pdb7ka0	pocket_2_alphafold3_P9WFU1_model_0	SO4	43.501
P9WFU1	pdb7ka0	pocket_2_alphafold3_P9WFU1_model_1	SO4	34.912
P9WFU1	pdb7ka0	pocket_2_alphafold3_P9WFU1_model_2	SO4	39.959
P9WFU1	pdb7ka0	pocket_2_alphafold3_P9WFU1_model_4	SO4	31.443
P9WFU1	pdb7ka0	pocket_2_chai1_P9WFU1_model_0	SO4	31.902
P9WFU1	pdb7ka0	pocket_2_swissmodel_P9WFU1_model_0	SO4	29.281
P9WFU1	pdb7ka0	pocket_3_alphafold3_P9WFU1_model_0	SO4	12.177
P9WFU1	pdb7ka0	pocket_3_alphafold3_P9WFU1_model_4	SO4	43.398
P9WFU1	pdb7ka0	pocket_3_chai1_P9WFU1_model_3	SO4	41.834
P9WFU1	pdb7ka0	pocket_3_swissmodel_P9WFU1_model_0	SO4	26.448
P9WFU1	pdb7kab	pocket_1_alphafold2_P9WFU1_model_0	GOL	42.591
P9WFU1	pdb7kab	pocket_1_swissmodel_P9WFU1_model_0	GOL	31.504
P9WFU1	pdb7kab	pocket_2_alphafold2_P9WFU1_model_0	GOL	37.258
P9WFU1	pdb7kab	pocket_2_alphafold3_P9WFU1_model_0	GOL	25.817
P9WFU1	pdb7kab	pocket_2_alphafold3_P9WFU1_model_1	GOL	28.858
P9WFU1	pdb7kab	pocket_2_alphafold3_P9WFU1_model_2	GOL	28.823
P9WFU1	pdb7kab	pocket_2_alphafold3_P9WFU1_model_4	GOL	29.921
P9WFU1	pdb7kab	pocket_2_chai1_P9WFU1_model_0	GOL	14.8
P9WFU1	pdb7kab	pocket_2_swissmodel_P9WFU1_model_0	GOL	24.44
P9WFU1	pdb7kab	pocket_3_alphafold3_P9WFU1_model_0	GOL	12.9
P9WFU1	pdb7kab	pocket_3_alphafold3_P9WFU1_model_4	GOL	38.032
P9WFU1	pdb7kab	pocket_3_chai1_P9WFU1_model_3	GOL	32.567
P9WFU1	pdb7kab	pocket_3_swissmodel_P9WFU1_model_0	GOL	35.359
P9WFU1	pdb7kab	pocket_1_alphafold2_P9WFU1_model_0	MG	35.468
P9WFU1	pdb7kab	pocket_1_swissmodel_P9WFU1_model_0	MG	22.914
P9WFU1	pdb7kab	pocket_2_alphafold2_P9WFU1_model_0	MG	38.204
P9WFU1	pdb7kab	pocket_2_alphafold3_P9WFU1_model_0	MG	35.453
P9WFU1	pdb7kab	pocket_2_alphafold3_P9WFU1_model_1	MG	35.849
P9WFU1	pdb7kab	pocket_2_alphafold3_P9WFU1_model_2	MG	36.364
P9WFU1	pdb7kab	pocket_2_alphafold3_P9WFU1_model_4	MG	34.416
P9WFU1	pdb7kab	pocket_2_chai1_P9WFU1_model_0	MG	25.018
P9WFU1	pdb7kab	pocket_2_swissmodel_P9WFU1_model_0	MG	28.247
P9WFU1	pdb7kab	pocket_3_alphafold3_P9WFU1_model_0	MG	6.628
P9WFU1	pdb7kab	pocket_3_alphafold3_P9WFU1_model_4	MG	33.291
P9WFU1	pdb7kab	pocket_3_chai1_P9WFU1_model_3	MG	38.619
P9WFU1	pdb7kab	pocket_3_swissmodel_P9WFU1_model_0	MG	32.0
P9WFU1	pdb7kab	pocket_1_alphafold2_P9WFU1_model_0	PGO	51.367
P9WFU1	pdb7kab	pocket_1_swissmodel_P9WFU1_model_0	PGO	46.146
P9WFU1	pdb7kab	pocket_2_alphafold2_P9WFU1_model_0	PGO	67.27
P9WFU1	pdb7kab	pocket_2_alphafold3_P9WFU1_model_0	PGO	58.519
P9WFU1	pdb7kab	pocket_2_alphafold3_P9WFU1_model_1	PGO	56.745
P9WFU1	pdb7kab	pocket_2_alphafold3_P9WFU1_model_2	PGO	59.132
P9WFU1	pdb7kab	pocket_2_alphafold3_P9WFU1_model_4	PGO	57.027
P9WFU1	pdb7kab	pocket_2_chai1_P9WFU1_model_0	PGO	46.257
P9WFU1	pdb7kab	pocket_2_swissmodel_P9WFU1_model_0	PGO	52.794
P9WFU1	pdb7kab	pocket_3_alphafold3_P9WFU1_model_0	PGO	18.552
P9WFU1	pdb7kab	pocket_3_alphafold3_P9WFU1_model_4	PGO	67.934
P9WFU1	pdb7kab	pocket_3_chai1_P9WFU1_model_3	PGO	62.268
P9WFU1	pdb7kab	pocket_3_swissmodel_P9WFU1_model_0	PGO	49.031
P9WFU1	pdb7kab	pocket_1_alphafold2_P9WFU1_model_0	PGR	33.503
P9WFU1	pdb7kab	pocket_1_swissmodel_P9WFU1_model_0	PGR	21.002
P9WFU1	pdb7kab	pocket_2_alphafold2_P9WFU1_model_0	PGR	24.781
P9WFU1	pdb7kab	pocket_2_alphafold3_P9WFU1_model_0	PGR	24.511
P9WFU1	pdb7kab	pocket_2_alphafold3_P9WFU1_model_1	PGR	18.172
P9WFU1	pdb7kab	pocket_2_alphafold3_P9WFU1_model_2	PGR	24.069
P9WFU1	pdb7kab	pocket_2_alphafold3_P9WFU1_model_4	PGR	18.107
P9WFU1	pdb7kab	pocket_2_chai1_P9WFU1_model_0	PGR	14.436
P9WFU1	pdb7kab	pocket_2_swissmodel_P9WFU1_model_0	PGR	20.462
P9WFU1	pdb7kab	pocket_3_alphafold3_P9WFU1_model_0	PGR	23.641
P9WFU1	pdb7kab	pocket_3_alphafold3_P9WFU1_model_4	PGR	24.923
P9WFU1	pdb7kab	pocket_3_chai1_P9WFU1_model_3	PGR	21.468
P9WFU1	pdb7kab	pocket_3_swissmodel_P9WFU1_model_0	PGR	33.677
P9WFU1	pdb7kab	pocket_1_alphafold2_P9WFU1_model_0	SO4	29.062
P9WFU1	pdb7kab	pocket_1_swissmodel_P9WFU1_model_0	SO4	18.551
P9WFU1	pdb7kab	pocket_2_alphafold2_P9WFU1_model_0	SO4	54.995
P9WFU1	pdb7kab	pocket_2_alphafold3_P9WFU1_model_0	SO4	43.508
P9WFU1	pdb7kab	pocket_2_alphafold3_P9WFU1_model_1	SO4	43.557
P9WFU1	pdb7kab	pocket_2_alphafold3_P9WFU1_model_2	SO4	44.559
P9WFU1	pdb7kab	pocket_2_alphafold3_P9WFU1_model_4	SO4	42.383
P9WFU1	pdb7kab	pocket_2_chai1_P9WFU1_model_0	SO4	31.878
P9WFU1	pdb7kab	pocket_2_swissmodel_P9WFU1_model_0	SO4	36.349
P9WFU1	pdb7kab	pocket_3_alphafold3_P9WFU1_model_0	SO4	12.022
P9WFU1	pdb7kab	pocket_3_alphafold3_P9WFU1_model_4	SO4	57.843
P9WFU1	pdb7kab	pocket_3_chai1_P9WFU1_model_3	SO4	50.668
P9WFU1	pdb7kab	pocket_3_swissmodel_P9WFU1_model_0	SO4	26.86
P9WFU3	7daw_updated	pocket_1_alphafold2_P9WFU3_model_0	SO4	16.629
P9WFU3	7daw_updated	pocket_1_swissmodel_P9WFU3_model_0	SO4	17.699
P9WFU3	7daw_updated	pocket_2_alphafold2_P9WFU3_model_0	SO4	15.098
P9WFU3	7daw_updated	pocket_2_alphafold3_P9WFU3_model_0	SO4	13.309
P9WFU3	7daw_updated	pocket_2_alphafold3_P9WFU3_model_1	SO4	17.931
P9WFU3	7daw_updated	pocket_2_alphafold3_P9WFU3_model_2	SO4	14.321
P9WFU3	7daw_updated	pocket_2_alphafold3_P9WFU3_model_3	SO4	15.077
P9WFU3	7daw_updated	pocket_2_alphafold3_P9WFU3_model_4	SO4	13.688
P9WFU3	7daw_updated	pocket_2_swissmodel_P9WFU3_model_0	SO4	15.724
P9WFU3	7db7_updated	pocket_1_alphafold2_P9WFU3_model_0	H2L	2.281
P9WFU3	7db7_updated	pocket_1_swissmodel_P9WFU3_model_0	H2L	4.786
P9WFU3	7db7_updated	pocket_2_alphafold2_P9WFU3_model_0	H2L	17.049
P9WFU3	7db7_updated	pocket_2_alphafold3_P9WFU3_model_0	H2L	15.087
P9WFU3	7db7_updated	pocket_2_alphafold3_P9WFU3_model_1	H2L	18.852
P9WFU3	7db7_updated	pocket_2_alphafold3_P9WFU3_model_2	H2L	15.494
P9WFU3	7db7_updated	pocket_2_alphafold3_P9WFU3_model_3	H2L	16.581
P9WFU3	7db7_updated	pocket_2_alphafold3_P9WFU3_model_4	H2L	14.352
P9WFU3	7db7_updated	pocket_2_swissmodel_P9WFU3_model_0	H2L	19.106
P9WFU3	7db7_updated	pocket_1_alphafold2_P9WFU3_model_0	SO4	16.847
P9WFU3	7db7_updated	pocket_1_swissmodel_P9WFU3_model_0	SO4	18.129
P9WFU3	7db7_updated	pocket_2_alphafold2_P9WFU3_model_0	SO4	15.229
P9WFU3	7db7_updated	pocket_2_alphafold3_P9WFU3_model_0	SO4	12.891
P9WFU3	7db7_updated	pocket_2_alphafold3_P9WFU3_model_1	SO4	17.493
P9WFU3	7db7_updated	pocket_2_alphafold3_P9WFU3_model_2	SO4	14.366
P9WFU3	7db7_updated	pocket_2_alphafold3_P9WFU3_model_3	SO4	15.285
P9WFU3	7db7_updated	pocket_2_alphafold3_P9WFU3_model_4	SO4	13.37
P9WFU3	7db7_updated	pocket_2_swissmodel_P9WFU3_model_0	SO4	15.812
P9WFU3	7db8_updated	pocket_1_alphafold2_P9WFU3_model_0	H2R	1.856
P9WFU3	7db8_updated	pocket_1_swissmodel_P9WFU3_model_0	H2R	1.775
P9WFU3	7db8_updated	pocket_2_alphafold2_P9WFU3_model_0	H2R	11.434
P9WFU3	7db8_updated	pocket_2_alphafold3_P9WFU3_model_0	H2R	7.512
P9WFU3	7db8_updated	pocket_2_alphafold3_P9WFU3_model_1	H2R	13.267
P9WFU3	7db8_updated	pocket_2_alphafold3_P9WFU3_model_2	H2R	9.092
P9WFU3	7db8_updated	pocket_2_alphafold3_P9WFU3_model_3	H2R	11.311
P9WFU3	7db8_updated	pocket_2_alphafold3_P9WFU3_model_4	H2R	7.168
P9WFU3	7db8_updated	pocket_2_swissmodel_P9WFU3_model_0	H2R	15.411
P9WFU3	7db8_updated	pocket_1_alphafold2_P9WFU3_model_0	SO4	4.296
P9WFU3	7db8_updated	pocket_1_swissmodel_P9WFU3_model_0	SO4	3.42
P9WFU3	7db8_updated	pocket_2_alphafold2_P9WFU3_model_0	SO4	15.687
P9WFU3	7db8_updated	pocket_2_alphafold3_P9WFU3_model_0	SO4	12.93
P9WFU3	7db8_updated	pocket_2_alphafold3_P9WFU3_model_1	SO4	18.219
P9WFU3	7db8_updated	pocket_2_alphafold3_P9WFU3_model_2	SO4	14.296
P9WFU3	7db8_updated	pocket_2_alphafold3_P9WFU3_model_3	SO4	15.585
P9WFU3	7db8_updated	pocket_2_alphafold3_P9WFU3_model_4	SO4	11.851
P9WFU3	7db8_updated	pocket_2_swissmodel_P9WFU3_model_0	SO4	15.857
P9WFU3	7k98_updated	pocket_1_alphafold2_P9WFU3_model_0	CL	64.232
P9WFU3	7k98_updated	pocket_1_swissmodel_P9WFU3_model_0	CL	61.656
P9WFU3	7k98_updated	pocket_2_alphafold2_P9WFU3_model_0	CL	55.405
P9WFU3	7k98_updated	pocket_2_alphafold3_P9WFU3_model_0	CL	53.74
P9WFU3	7k98_updated	pocket_2_alphafold3_P9WFU3_model_1	CL	53.277
P9WFU3	7k98_updated	pocket_2_alphafold3_P9WFU3_model_2	CL	55.068
P9WFU3	7k98_updated	pocket_2_alphafold3_P9WFU3_model_3	CL	54.561
P9WFU3	7k98_updated	pocket_2_alphafold3_P9WFU3_model_4	CL	54.706
P9WFU3	7k98_updated	pocket_2_swissmodel_P9WFU3_model_0	CL	58.011
P9WFU3	7k98_updated	pocket_1_alphafold2_P9WFU3_model_0	GOL	30.709
P9WFU3	7k98_updated	pocket_1_swissmodel_P9WFU3_model_0	GOL	30.769
P9WFU3	7k98_updated	pocket_2_alphafold2_P9WFU3_model_0	GOL	41.575
P9WFU3	7k98_updated	pocket_2_alphafold3_P9WFU3_model_0	GOL	36.343
P9WFU3	7k98_updated	pocket_2_alphafold3_P9WFU3_model_1	GOL	43.762
P9WFU3	7k98_updated	pocket_2_alphafold3_P9WFU3_model_2	GOL	38.327
P9WFU3	7k98_updated	pocket_2_alphafold3_P9WFU3_model_3	GOL	40.676
P9WFU3	7k98_updated	pocket_2_alphafold3_P9WFU3_model_4	GOL	34.022
P9WFU3	7k98_updated	pocket_2_swissmodel_P9WFU3_model_0	GOL	46.716
P9WFU3	7k98_updated	pocket_1_alphafold2_P9WFU3_model_0	MG	9.737
P9WFU3	7k98_updated	pocket_1_swissmodel_P9WFU3_model_0	MG	11.025
P9WFU3	7k98_updated	pocket_2_alphafold2_P9WFU3_model_0	MG	24.805
P9WFU3	7k98_updated	pocket_2_alphafold3_P9WFU3_model_0	MG	20.832
P9WFU3	7k98_updated	pocket_2_alphafold3_P9WFU3_model_1	MG	26.005
P9WFU3	7k98_updated	pocket_2_alphafold3_P9WFU3_model_2	MG	22.06
P9WFU3	7k98_updated	pocket_2_alphafold3_P9WFU3_model_3	MG	23.823
P9WFU3	7k98_updated	pocket_2_alphafold3_P9WFU3_model_4	MG	18.81
P9WFU3	7k98_updated	pocket_2_swissmodel_P9WFU3_model_0	MG	27.377
P9WFU3	7k98_updated	pocket_1_alphafold2_P9WFU3_model_0	W5Y	2.516
P9WFU3	7k98_updated	pocket_1_swissmodel_P9WFU3_model_0	W5Y	3.13
P9WFU3	7k98_updated	pocket_2_alphafold2_P9WFU3_model_0	W5Y	15.925
P9WFU3	7k98_updated	pocket_2_alphafold3_P9WFU3_model_0	W5Y	12.254
P9WFU3	7k98_updated	pocket_2_alphafold3_P9WFU3_model_1	W5Y	16.239
P9WFU3	7k98_updated	pocket_2_alphafold3_P9WFU3_model_2	W5Y	13.886
P9WFU3	7k98_updated	pocket_2_alphafold3_P9WFU3_model_3	W5Y	15.772
P9WFU3	7k98_updated	pocket_2_alphafold3_P9WFU3_model_4	W5Y	11.489
P9WFU3	7k98_updated	pocket_2_swissmodel_P9WFU3_model_0	W5Y	18.031
P9WFU3	7k9m_updated	pocket_1_alphafold2_P9WFU3_model_0	GOL	14.349
P9WFU3	7k9m_updated	pocket_1_swissmodel_P9WFU3_model_0	GOL	15.271
P9WFU3	7k9m_updated	pocket_2_alphafold2_P9WFU3_model_0	GOL	14.644
P9WFU3	7k9m_updated	pocket_2_alphafold3_P9WFU3_model_0	GOL	17.461
P9WFU3	7k9m_updated	pocket_2_alphafold3_P9WFU3_model_1	GOL	15.058
P9WFU3	7k9m_updated	pocket_2_alphafold3_P9WFU3_model_2	GOL	15.374
P9WFU3	7k9m_updated	pocket_2_alphafold3_P9WFU3_model_3	GOL	13.365
P9WFU3	7k9m_updated	pocket_2_alphafold3_P9WFU3_model_4	GOL	17.378
P9WFU3	7k9m_updated	pocket_2_swissmodel_P9WFU3_model_0	GOL	13.266
P9WFU3	7k9m_updated	pocket_1_alphafold2_P9WFU3_model_0	MG	11.748
P9WFU3	7k9m_updated	pocket_1_swissmodel_P9WFU3_model_0	MG	13.605
P9WFU3	7k9m_updated	pocket_2_alphafold2_P9WFU3_model_0	MG	26.514
P9WFU3	7k9m_updated	pocket_2_alphafold3_P9WFU3_model_0	MG	23.877
P9WFU3	7k9m_updated	pocket_2_alphafold3_P9WFU3_model_1	MG	25.867
P9WFU3	7k9m_updated	pocket_2_alphafold3_P9WFU3_model_2	MG	24.974
P9WFU3	7k9m_updated	pocket_2_alphafold3_P9WFU3_model_3	MG	26.585
P9WFU3	7k9m_updated	pocket_2_alphafold3_P9WFU3_model_4	MG	23.758
P9WFU3	7k9m_updated	pocket_2_swissmodel_P9WFU3_model_0	MG	28.451
P9WFU3	7k9m_updated	pocket_1_alphafold2_P9WFU3_model_0	P6G	26.497
P9WFU3	7k9m_updated	pocket_1_swissmodel_P9WFU3_model_0	P6G	28.212
P9WFU3	7k9m_updated	pocket_2_alphafold2_P9WFU3_model_0	P6G	32.678
P9WFU3	7k9m_updated	pocket_2_alphafold3_P9WFU3_model_0	P6G	34.409
P9WFU3	7k9m_updated	pocket_2_alphafold3_P9WFU3_model_1	P6G	31.811
P9WFU3	7k9m_updated	pocket_2_alphafold3_P9WFU3_model_2	P6G	33.519
P9WFU3	7k9m_updated	pocket_2_alphafold3_P9WFU3_model_3	P6G	32.911
P9WFU3	7k9m_updated	pocket_2_alphafold3_P9WFU3_model_4	P6G	35.322
P9WFU3	7k9m_updated	pocket_2_swissmodel_P9WFU3_model_0	P6G	29.874
P9WFU3	7k9m_updated	pocket_1_alphafold2_P9WFU3_model_0	PGE	48.218
P9WFU3	7k9m_updated	pocket_1_swissmodel_P9WFU3_model_0	PGE	45.84
P9WFU3	7k9m_updated	pocket_2_alphafold2_P9WFU3_model_0	PGE	33.405
P9WFU3	7k9m_updated	pocket_2_alphafold3_P9WFU3_model_0	PGE	35.337
P9WFU3	7k9m_updated	pocket_2_alphafold3_P9WFU3_model_1	PGE	37.358
P9WFU3	7k9m_updated	pocket_2_alphafold3_P9WFU3_model_2	PGE	34.24
P9WFU3	7k9m_updated	pocket_2_alphafold3_P9WFU3_model_3	PGE	32.996
P9WFU3	7k9m_updated	pocket_2_alphafold3_P9WFU3_model_4	PGE	35.658
P9WFU3	7k9m_updated	pocket_2_swissmodel_P9WFU3_model_0	PGE	34.387
P9WFU3	7k9m_updated	pocket_1_alphafold2_P9WFU3_model_0	W5Y	2.631
P9WFU3	7k9m_updated	pocket_1_swissmodel_P9WFU3_model_0	W5Y	3.288
P9WFU3	7k9m_updated	pocket_2_alphafold2_P9WFU3_model_0	W5Y	16.308
P9WFU3	7k9m_updated	pocket_2_alphafold3_P9WFU3_model_0	W5Y	12.192
P9WFU3	7k9m_updated	pocket_2_alphafold3_P9WFU3_model_1	W5Y	16.904
P9WFU3	7k9m_updated	pocket_2_alphafold3_P9WFU3_model_2	W5Y	13.879
P9WFU3	7k9m_updated	pocket_2_alphafold3_P9WFU3_model_3	W5Y	16.014
P9WFU3	7k9m_updated	pocket_2_alphafold3_P9WFU3_model_4	W5Y	11.273
P9WFU3	7k9m_updated	pocket_2_swissmodel_P9WFU3_model_0	W5Y	19.35
P9WFU3	7ka0_updated	pocket_1_alphafold2_P9WFU3_model_0	ACT	51.136
P9WFU3	7ka0_updated	pocket_1_swissmodel_P9WFU3_model_0	ACT	49.359
P9WFU3	7ka0_updated	pocket_2_alphafold2_P9WFU3_model_0	ACT	47.486
P9WFU3	7ka0_updated	pocket_2_alphafold3_P9WFU3_model_0	ACT	44.404
P9WFU3	7ka0_updated	pocket_2_alphafold3_P9WFU3_model_1	ACT	52.78
P9WFU3	7ka0_updated	pocket_2_alphafold3_P9WFU3_model_2	ACT	45.148
P9WFU3	7ka0_updated	pocket_2_alphafold3_P9WFU3_model_3	ACT	45.98
P9WFU3	7ka0_updated	pocket_2_alphafold3_P9WFU3_model_4	ACT	41.986
P9WFU3	7ka0_updated	pocket_2_swissmodel_P9WFU3_model_0	ACT	52.61
P9WFU3	7ka0_updated	pocket_1_alphafold2_P9WFU3_model_0	GOL	5.955
P9WFU3	7ka0_updated	pocket_1_swissmodel_P9WFU3_model_0	GOL	5.017
P9WFU3	7ka0_updated	pocket_2_alphafold2_P9WFU3_model_0	GOL	15.174
P9WFU3	7ka0_updated	pocket_2_alphafold3_P9WFU3_model_0	GOL	12.734
P9WFU3	7ka0_updated	pocket_2_alphafold3_P9WFU3_model_1	GOL	18.579
P9WFU3	7ka0_updated	pocket_2_alphafold3_P9WFU3_model_2	GOL	14.418
P9WFU3	7ka0_updated	pocket_2_alphafold3_P9WFU3_model_3	GOL	13.785
P9WFU3	7ka0_updated	pocket_2_alphafold3_P9WFU3_model_4	GOL	11.799
P9WFU3	7ka0_updated	pocket_2_swissmodel_P9WFU3_model_0	GOL	14.076
P9WFU3	7ka0_updated	pocket_1_alphafold2_P9WFU3_model_0	K	36.334
P9WFU3	7ka0_updated	pocket_1_swissmodel_P9WFU3_model_0	K	38.525
P9WFU3	7ka0_updated	pocket_2_alphafold2_P9WFU3_model_0	K	26.964
P9WFU3	7ka0_updated	pocket_2_alphafold3_P9WFU3_model_0	K	30.906
P9WFU3	7ka0_updated	pocket_2_alphafold3_P9WFU3_model_1	K	25.291
P9WFU3	7ka0_updated	pocket_2_alphafold3_P9WFU3_model_2	K	29.749
P9WFU3	7ka0_updated	pocket_2_alphafold3_P9WFU3_model_3	K	28.465
P9WFU3	7ka0_updated	pocket_2_alphafold3_P9WFU3_model_4	K	33.7
P9WFU3	7ka0_updated	pocket_2_swissmodel_P9WFU3_model_0	K	24.569
P9WFU3	7ka0_updated	pocket_1_alphafold2_P9WFU3_model_0	MG	20.044
P9WFU3	7ka0_updated	pocket_1_swissmodel_P9WFU3_model_0	MG	22.726
P9WFU3	7ka0_updated	pocket_2_alphafold2_P9WFU3_model_0	MG	33.505
P9WFU3	7ka0_updated	pocket_2_alphafold3_P9WFU3_model_0	MG	32.782
P9WFU3	7ka0_updated	pocket_2_alphafold3_P9WFU3_model_1	MG	34.52
P9WFU3	7ka0_updated	pocket_2_alphafold3_P9WFU3_model_2	MG	32.684
P9WFU3	7ka0_updated	pocket_2_alphafold3_P9WFU3_model_3	MG	33.021
P9WFU3	7ka0_updated	pocket_2_alphafold3_P9WFU3_model_4	MG	32.276
P9WFU3	7ka0_updated	pocket_2_swissmodel_P9WFU3_model_0	MG	33.484
P9WFU3	7ka0_updated	pocket_1_alphafold2_P9WFU3_model_0	PGE	22.253
P9WFU3	7ka0_updated	pocket_1_swissmodel_P9WFU3_model_0	PGE	21.35
P9WFU3	7ka0_updated	pocket_2_alphafold2_P9WFU3_model_0	PGE	16.246
P9WFU3	7ka0_updated	pocket_2_alphafold3_P9WFU3_model_0	PGE	18.962
P9WFU3	7ka0_updated	pocket_2_alphafold3_P9WFU3_model_1	PGE	9.607
P9WFU3	7ka0_updated	pocket_2_alphafold3_P9WFU3_model_2	PGE	18.55
P9WFU3	7ka0_updated	pocket_2_alphafold3_P9WFU3_model_3	PGE	18.474
P9WFU3	7ka0_updated	pocket_2_alphafold3_P9WFU3_model_4	PGE	22.349
P9WFU3	7ka0_updated	pocket_2_swissmodel_P9WFU3_model_0	PGE	13.25
P9WFU3	7ka0_updated	pocket_1_alphafold2_P9WFU3_model_0	SO4	14.408
P9WFU3	7ka0_updated	pocket_1_swissmodel_P9WFU3_model_0	SO4	16.848
P9WFU3	7ka0_updated	pocket_2_alphafold2_P9WFU3_model_0	SO4	26.192
P9WFU3	7ka0_updated	pocket_2_alphafold3_P9WFU3_model_0	SO4	28.03
P9WFU3	7ka0_updated	pocket_2_alphafold3_P9WFU3_model_1	SO4	19.548
P9WFU3	7ka0_updated	pocket_2_alphafold3_P9WFU3_model_2	SO4	28.817
P9WFU3	7ka0_updated	pocket_2_alphafold3_P9WFU3_model_3	SO4	28.45
P9WFU3	7ka0_updated	pocket_2_alphafold3_P9WFU3_model_4	SO4	26.739
P9WFU3	7ka0_updated	pocket_2_swissmodel_P9WFU3_model_0	SO4	22.084
P9WFU3	7kab_updated	pocket_1_alphafold2_P9WFU3_model_0	GOL	6.262
P9WFU3	7kab_updated	pocket_1_swissmodel_P9WFU3_model_0	GOL	5.336
P9WFU3	7kab_updated	pocket_2_alphafold2_P9WFU3_model_0	GOL	15.435
P9WFU3	7kab_updated	pocket_2_alphafold3_P9WFU3_model_0	GOL	12.849
P9WFU3	7kab_updated	pocket_2_alphafold3_P9WFU3_model_1	GOL	18.903
P9WFU3	7kab_updated	pocket_2_alphafold3_P9WFU3_model_2	GOL	14.581
P9WFU3	7kab_updated	pocket_2_alphafold3_P9WFU3_model_3	GOL	14.045
P9WFU3	7kab_updated	pocket_2_alphafold3_P9WFU3_model_4	GOL	11.803
P9WFU3	7kab_updated	pocket_2_swissmodel_P9WFU3_model_0	GOL	14.376
P9WFU3	7kab_updated	pocket_1_alphafold2_P9WFU3_model_0	MG	11.195
P9WFU3	7kab_updated	pocket_1_swissmodel_P9WFU3_model_0	MG	12.887
P9WFU3	7kab_updated	pocket_2_alphafold2_P9WFU3_model_0	MG	26.162
P9WFU3	7kab_updated	pocket_2_alphafold3_P9WFU3_model_0	MG	23.151
P9WFU3	7kab_updated	pocket_2_alphafold3_P9WFU3_model_1	MG	25.772
P9WFU3	7kab_updated	pocket_2_alphafold3_P9WFU3_model_2	MG	24.397
P9WFU3	7kab_updated	pocket_2_alphafold3_P9WFU3_model_3	MG	26.156
P9WFU3	7kab_updated	pocket_2_alphafold3_P9WFU3_model_4	MG	22.843
P9WFU3	7kab_updated	pocket_2_swissmodel_P9WFU3_model_0	MG	28.518
P9WFU3	7kab_updated	pocket_1_alphafold2_P9WFU3_model_0	PGO	26.428
P9WFU3	7kab_updated	pocket_1_swissmodel_P9WFU3_model_0	PGO	27.29
P9WFU3	7kab_updated	pocket_2_alphafold2_P9WFU3_model_0	PGO	31.912
P9WFU3	7kab_updated	pocket_2_alphafold3_P9WFU3_model_0	PGO	32.477
P9WFU3	7kab_updated	pocket_2_alphafold3_P9WFU3_model_1	PGO	27.173
P9WFU3	7kab_updated	pocket_2_alphafold3_P9WFU3_model_2	PGO	32.696
P9WFU3	7kab_updated	pocket_2_alphafold3_P9WFU3_model_3	PGO	33.279
P9WFU3	7kab_updated	pocket_2_alphafold3_P9WFU3_model_4	PGO	34.545
P9WFU3	7kab_updated	pocket_2_swissmodel_P9WFU3_model_0	PGO	30.11
P9WFU3	7kab_updated	pocket_1_alphafold2_P9WFU3_model_0	PGR	19.149
P9WFU3	7kab_updated	pocket_1_swissmodel_P9WFU3_model_0	PGR	20.649
P9WFU3	7kab_updated	pocket_2_alphafold2_P9WFU3_model_0	PGR	21.013
P9WFU3	7kab_updated	pocket_2_alphafold3_P9WFU3_model_0	PGR	20.351
P9WFU3	7kab_updated	pocket_2_alphafold3_P9WFU3_model_1	PGR	24.423
P9WFU3	7kab_updated	pocket_2_alphafold3_P9WFU3_model_2	PGR	20.821
P9WFU3	7kab_updated	pocket_2_alphafold3_P9WFU3_model_3	PGR	19.411
P9WFU3	7kab_updated	pocket_2_alphafold3_P9WFU3_model_4	PGR	20.576
P9WFU3	7kab_updated	pocket_2_swissmodel_P9WFU3_model_0	PGR	20.374
P9WFU3	7kab_updated	pocket_1_alphafold2_P9WFU3_model_0	SO4	14.457
P9WFU3	7kab_updated	pocket_1_swissmodel_P9WFU3_model_0	SO4	16.877
P9WFU3	7kab_updated	pocket_2_alphafold2_P9WFU3_model_0	SO4	31.083
P9WFU3	7kab_updated	pocket_2_alphafold3_P9WFU3_model_0	SO4	28.037
P9WFU3	7kab_updated	pocket_2_alphafold3_P9WFU3_model_1	SO4	32.537
P9WFU3	7kab_updated	pocket_2_alphafold3_P9WFU3_model_2	SO4	28.966
P9WFU3	7kab_updated	pocket_2_alphafold3_P9WFU3_model_3	SO4	30.4
P9WFU3	7kab_updated	pocket_2_alphafold3_P9WFU3_model_4	SO4	26.685
P9WFU3	7kab_updated	pocket_2_swissmodel_P9WFU3_model_0	SO4	33.571
P9WFU5	pdb6ax8	pocket_1_alphafold2_P9WFU5_model_0	ME8	0.928
P9WFU5	pdb6ax8	pocket_1_alphafold3_P9WFU5_model_2	ME8	1.152
P9WFU5	pdb6ax8	pocket_2_alphafold2_P9WFU5_model_0	ME8	13.416
P9WFU5	pdb6ax8	pocket_2_alphafold3_P9WFU5_model_3	ME8	21.864
P9WFU5	pdb6ax8	pocket_2_swissmodel_P9WFU5_model_0	ME8	14.537
P9WFU9	7qh8_updated	pocket_1_alphafold2_P9WFU9_model_0	GOL	18.584
P9WFU9	7qh8_updated	pocket_1_alphafold3_P9WFU9_model_1	GOL	18.086
P9WFU9	7qh8_updated	pocket_1_swissmodel_P9WFU9_model_0	GOL	18.755
P9WFU9	7qh8_updated	pocket_2_alphafold3_P9WFU9_model_0	GOL	25.399
P9WFU9	7qh8_updated	pocket_2_alphafold3_P9WFU9_model_1	GOL	26.641
P9WFU9	7qh8_updated	pocket_2_chai1_P9WFU9_model_1	GOL	26.694
P9WFU9	7qh8_updated	pocket_2_swissmodel_P9WFU9_model_0	GOL	61.277
P9WFU9	7qhn_updated	pocket_1_alphafold2_P9WFU9_model_0	C6I	3.91
P9WFU9	7qhn_updated	pocket_1_alphafold3_P9WFU9_model_1	C6I	4.358
P9WFU9	7qhn_updated	pocket_1_swissmodel_P9WFU9_model_0	C6I	4.266
P9WFU9	7qhn_updated	pocket_2_alphafold3_P9WFU9_model_0	C6I	12.02
P9WFU9	7qhn_updated	pocket_2_alphafold3_P9WFU9_model_1	C6I	11.75
P9WFU9	7qhn_updated	pocket_2_chai1_P9WFU9_model_1	C6I	10.952
P9WFU9	7qhn_updated	pocket_2_swissmodel_P9WFU9_model_0	C6I	53.122
P9WFU9	7qi8_updated	pocket_1_alphafold2_P9WFU9_model_0	DD0	2.777
P9WFU9	7qi8_updated	pocket_1_alphafold3_P9WFU9_model_1	DD0	3.447
P9WFU9	7qi8_updated	pocket_1_swissmodel_P9WFU9_model_0	DD0	3.713
P9WFU9	7qi8_updated	pocket_2_alphafold3_P9WFU9_model_0	DD0	12.11
P9WFU9	7qi8_updated	pocket_2_alphafold3_P9WFU9_model_1	DD0	11.744
P9WFU9	7qi8_updated	pocket_2_chai1_P9WFU9_model_1	DD0	10.857
P9WFU9	7qi8_updated	pocket_2_swissmodel_P9WFU9_model_0	DD0	52.502
P9WFV1	pdb5agr	pocket_1_alphafold2_P9WFV1_model_0	A52	32.585
P9WFV1	pdb5agr	pocket_1_swissmodel_P9WFV1_model_0	A52	31.196
P9WFV1	pdb5agr	pocket_2_alphafold2_P9WFV1_model_0	A52	27.626
P9WFV1	pdb5agr	pocket_2_alphafold3_P9WFV1_model_0	A52	46.372
P9WFV1	pdb5agr	pocket_2_alphafold3_P9WFV1_model_3	A52	44.938
P9WFV1	pdb5agr	pocket_2_chai1_P9WFV1_model_2	A52	45.886
P9WFV1	pdb5agr	pocket_2_chai1_P9WFV1_model_4	A52	45.711
P9WFV1	pdb5agr	pocket_2_swissmodel_P9WFV1_model_0	A52	1.77
P9WFV1	pdb5agr	pocket_3_alphafold2_P9WFV1_model_0	A52	46.985
P9WFV1	pdb5agr	pocket_3_alphafold3_P9WFV1_model_2	A52	46.176
P9WFV1	pdb5agr	pocket_3_chai1_P9WFV1_model_0	A52	47.042
P9WFV1	pdb5agr	pocket_3_chai1_P9WFV1_model_1	A52	46.062
P9WFV1	pdb5agr	pocket_3_chai1_P9WFV1_model_3	A52	46.454
P9WFV1	pdb5agr	pocket_3_swissmodel_P9WFV1_model_0	A52	46.488
P9WFV1	pdb5agr	pocket_4_alphafold2_P9WFV1_model_0	A52	31.314
P9WFV1	pdb5agr	pocket_4_alphafold3_P9WFV1_model_1	A52	45.389
P9WFV1	pdb5agr	pocket_4_alphafold3_P9WFV1_model_4	A52	46.764
P9WFV1	pdb5agr	pocket_5_swissmodel_P9WFV1_model_0	A52	32.749
P9WFV1	pdb5agr	pocket_6_swissmodel_P9WFV1_model_1	A52	46.922
P9WFV1	pdb5agr	pocket_1_alphafold2_P9WFV1_model_0	EDO	44.573
P9WFV1	pdb5agr	pocket_1_swissmodel_P9WFV1_model_0	EDO	41.685
P9WFV1	pdb5agr	pocket_2_alphafold2_P9WFV1_model_0	EDO	36.982
P9WFV1	pdb5agr	pocket_2_alphafold3_P9WFV1_model_0	EDO	57.29
P9WFV1	pdb5agr	pocket_2_alphafold3_P9WFV1_model_3	EDO	55.868
P9WFV1	pdb5agr	pocket_2_chai1_P9WFV1_model_2	EDO	56.59
P9WFV1	pdb5agr	pocket_2_chai1_P9WFV1_model_4	EDO	56.586
P9WFV1	pdb5agr	pocket_2_swissmodel_P9WFV1_model_0	EDO	11.28
P9WFV1	pdb5agr	pocket_3_alphafold2_P9WFV1_model_0	EDO	57.903
P9WFV1	pdb5agr	pocket_3_alphafold3_P9WFV1_model_2	EDO	57.142
P9WFV1	pdb5agr	pocket_3_chai1_P9WFV1_model_0	EDO	57.822
P9WFV1	pdb5agr	pocket_3_chai1_P9WFV1_model_1	EDO	57.062
P9WFV1	pdb5agr	pocket_3_chai1_P9WFV1_model_3	EDO	57.316
P9WFV1	pdb5agr	pocket_3_swissmodel_P9WFV1_model_0	EDO	57.324
P9WFV1	pdb5agr	pocket_4_alphafold2_P9WFV1_model_0	EDO	32.321
P9WFV1	pdb5agr	pocket_4_alphafold3_P9WFV1_model_1	EDO	56.255
P9WFV1	pdb5agr	pocket_4_alphafold3_P9WFV1_model_4	EDO	57.691
P9WFV1	pdb5agr	pocket_5_swissmodel_P9WFV1_model_0	EDO	33.81
P9WFV1	pdb5agr	pocket_6_swissmodel_P9WFV1_model_1	EDO	57.653
P9WFV1	pdb5ags	pocket_1_alphafold2_P9WFV1_model_0	38Y	32.422
P9WFV1	pdb5ags	pocket_1_swissmodel_P9WFV1_model_0	38Y	30.97
P9WFV1	pdb5ags	pocket_2_alphafold2_P9WFV1_model_0	38Y	27.353
P9WFV1	pdb5ags	pocket_2_alphafold3_P9WFV1_model_0	38Y	46.181
P9WFV1	pdb5ags	pocket_2_alphafold3_P9WFV1_model_3	38Y	44.747
P9WFV1	pdb5ags	pocket_2_chai1_P9WFV1_model_2	38Y	45.687
P9WFV1	pdb5ags	pocket_2_chai1_P9WFV1_model_4	38Y	45.519
P9WFV1	pdb5ags	pocket_2_swissmodel_P9WFV1_model_0	38Y	1.724
P9WFV1	pdb5ags	pocket_3_alphafold2_P9WFV1_model_0	38Y	46.795
P9WFV1	pdb5ags	pocket_3_alphafold3_P9WFV1_model_2	38Y	45.987
P9WFV1	pdb5ags	pocket_3_chai1_P9WFV1_model_0	38Y	46.848
P9WFV1	pdb5ags	pocket_3_chai1_P9WFV1_model_1	38Y	45.875
P9WFV1	pdb5ags	pocket_3_chai1_P9WFV1_model_3	38Y	46.262
P9WFV1	pdb5ags	pocket_3_swissmodel_P9WFV1_model_0	38Y	46.296
P9WFV1	pdb5ags	pocket_4_alphafold2_P9WFV1_model_0	38Y	31.161
P9WFV1	pdb5ags	pocket_4_alphafold3_P9WFV1_model_1	38Y	45.196
P9WFV1	pdb5ags	pocket_4_alphafold3_P9WFV1_model_4	38Y	46.575
P9WFV1	pdb5ags	pocket_5_swissmodel_P9WFV1_model_0	38Y	32.595
P9WFV1	pdb5ags	pocket_6_swissmodel_P9WFV1_model_1	38Y	46.724
P9WFV1	pdb5agt	pocket_1_alphafold2_P9WFV1_model_0	A2H	32.467
P9WFV1	pdb5agt	pocket_1_swissmodel_P9WFV1_model_0	A2H	31.083
P9WFV1	pdb5agt	pocket_2_alphafold2_P9WFV1_model_0	A2H	27.533
P9WFV1	pdb5agt	pocket_2_alphafold3_P9WFV1_model_0	A2H	46.285
P9WFV1	pdb5agt	pocket_2_alphafold3_P9WFV1_model_3	A2H	44.853
P9WFV1	pdb5agt	pocket_2_chai1_P9WFV1_model_2	A2H	45.803
P9WFV1	pdb5agt	pocket_2_chai1_P9WFV1_model_4	A2H	45.628
P9WFV1	pdb5agt	pocket_2_swissmodel_P9WFV1_model_0	A2H	1.761
P9WFV1	pdb5agt	pocket_3_alphafold2_P9WFV1_model_0	A2H	46.902
P9WFV1	pdb5agt	pocket_3_alphafold3_P9WFV1_model_2	A2H	46.092
P9WFV1	pdb5agt	pocket_3_chai1_P9WFV1_model_0	A2H	46.961
P9WFV1	pdb5agt	pocket_3_chai1_P9WFV1_model_1	A2H	45.98
P9WFV1	pdb5agt	pocket_3_chai1_P9WFV1_model_3	A2H	46.372
P9WFV1	pdb5agt	pocket_3_swissmodel_P9WFV1_model_0	A2H	46.408
P9WFV1	pdb5agt	pocket_4_alphafold2_P9WFV1_model_0	A2H	31.202
P9WFV1	pdb5agt	pocket_4_alphafold3_P9WFV1_model_1	A2H	45.306
P9WFV1	pdb5agt	pocket_4_alphafold3_P9WFV1_model_4	A2H	46.68
P9WFV1	pdb5agt	pocket_5_swissmodel_P9WFV1_model_0	A2H	32.636
P9WFV1	pdb5agt	pocket_6_swissmodel_P9WFV1_model_1	A2H	46.833
P9WFV1	pdb5agt	pocket_1_alphafold2_P9WFV1_model_0	GOL	55.57
P9WFV1	pdb5agt	pocket_1_swissmodel_P9WFV1_model_0	GOL	54.114
P9WFV1	pdb5agt	pocket_2_alphafold2_P9WFV1_model_0	GOL	50.682
P9WFV1	pdb5agt	pocket_2_alphafold3_P9WFV1_model_0	GOL	70.071
P9WFV1	pdb5agt	pocket_2_alphafold3_P9WFV1_model_3	GOL	68.676
P9WFV1	pdb5agt	pocket_2_chai1_P9WFV1_model_2	GOL	69.63
P9WFV1	pdb5agt	pocket_2_chai1_P9WFV1_model_4	GOL	69.475
P9WFV1	pdb5agt	pocket_2_swissmodel_P9WFV1_model_0	GOL	20.317
P9WFV1	pdb5agt	pocket_3_alphafold2_P9WFV1_model_0	GOL	70.765
P9WFV1	pdb5agt	pocket_3_alphafold3_P9WFV1_model_2	GOL	69.926
P9WFV1	pdb5agt	pocket_3_chai1_P9WFV1_model_0	GOL	70.829
P9WFV1	pdb5agt	pocket_3_chai1_P9WFV1_model_1	GOL	69.849
P9WFV1	pdb5agt	pocket_3_chai1_P9WFV1_model_3	GOL	70.243
P9WFV1	pdb5agt	pocket_3_swissmodel_P9WFV1_model_0	GOL	70.302
P9WFV1	pdb5agt	pocket_4_alphafold2_P9WFV1_model_0	GOL	50.276
P9WFV1	pdb5agt	pocket_4_alphafold3_P9WFV1_model_1	GOL	69.147
P9WFV1	pdb5agt	pocket_4_alphafold3_P9WFV1_model_4	GOL	70.502
P9WFV1	pdb5agt	pocket_5_swissmodel_P9WFV1_model_0	GOL	51.694
P9WFV1	pdb5agt	pocket_6_swissmodel_P9WFV1_model_1	GOL	70.562
P9WFV1	pdb7pqk	pocket_1_alphafold2_P9WFV1_model_0	81D	32.438
P9WFV1	pdb7pqk	pocket_1_swissmodel_P9WFV1_model_0	81D	30.959
P9WFV1	pdb7pqk	pocket_2_alphafold2_P9WFV1_model_0	81D	27.325
P9WFV1	pdb7pqk	pocket_2_alphafold3_P9WFV1_model_0	81D	46.194
P9WFV1	pdb7pqk	pocket_2_alphafold3_P9WFV1_model_3	81D	44.759
P9WFV1	pdb7pqk	pocket_2_chai1_P9WFV1_model_2	81D	45.697
P9WFV1	pdb7pqk	pocket_2_chai1_P9WFV1_model_4	81D	45.531
P9WFV1	pdb7pqk	pocket_2_swissmodel_P9WFV1_model_0	81D	1.774
P9WFV1	pdb7pqk	pocket_3_alphafold2_P9WFV1_model_0	81D	46.809
P9WFV1	pdb7pqk	pocket_3_alphafold3_P9WFV1_model_2	81D	46.001
P9WFV1	pdb7pqk	pocket_3_chai1_P9WFV1_model_0	81D	46.861
P9WFV1	pdb7pqk	pocket_3_chai1_P9WFV1_model_1	81D	45.89
P9WFV1	pdb7pqk	pocket_3_chai1_P9WFV1_model_3	81D	46.275
P9WFV1	pdb7pqk	pocket_3_swissmodel_P9WFV1_model_0	81D	46.309
P9WFV1	pdb7pqk	pocket_4_alphafold2_P9WFV1_model_0	81D	30.705
P9WFV1	pdb7pqk	pocket_4_alphafold3_P9WFV1_model_1	81D	45.209
P9WFV1	pdb7pqk	pocket_4_alphafold3_P9WFV1_model_4	81D	46.588
P9WFV1	pdb7pqk	pocket_5_swissmodel_P9WFV1_model_0	81D	32.125
P9WFV1	pdb7pqk	pocket_6_swissmodel_P9WFV1_model_1	81D	46.733
P9WFV1	pdb7pqk	pocket_1_alphafold2_P9WFV1_model_0	EDO	52.062
P9WFV1	pdb7pqk	pocket_1_swissmodel_P9WFV1_model_0	EDO	51.107
P9WFV1	pdb7pqk	pocket_2_alphafold2_P9WFV1_model_0	EDO	46.903
P9WFV1	pdb7pqk	pocket_2_alphafold3_P9WFV1_model_0	EDO	63.039
P9WFV1	pdb7pqk	pocket_2_alphafold3_P9WFV1_model_3	EDO	61.521
P9WFV1	pdb7pqk	pocket_2_chai1_P9WFV1_model_2	EDO	62.348
P9WFV1	pdb7pqk	pocket_2_chai1_P9WFV1_model_4	EDO	62.119
P9WFV1	pdb7pqk	pocket_2_swissmodel_P9WFV1_model_0	EDO	23.972
P9WFV1	pdb7pqk	pocket_3_alphafold2_P9WFV1_model_0	EDO	63.233
P9WFV1	pdb7pqk	pocket_3_alphafold3_P9WFV1_model_2	EDO	62.627
P9WFV1	pdb7pqk	pocket_3_chai1_P9WFV1_model_0	EDO	63.237
P9WFV1	pdb7pqk	pocket_3_chai1_P9WFV1_model_1	EDO	62.334
P9WFV1	pdb7pqk	pocket_3_chai1_P9WFV1_model_3	EDO	62.685
P9WFV1	pdb7pqk	pocket_3_swissmodel_P9WFV1_model_0	EDO	62.583
P9WFV1	pdb7pqk	pocket_4_alphafold2_P9WFV1_model_0	EDO	50.668
P9WFV1	pdb7pqk	pocket_4_alphafold3_P9WFV1_model_1	EDO	61.844
P9WFV1	pdb7pqk	pocket_4_alphafold3_P9WFV1_model_4	EDO	63.231
P9WFV1	pdb7pqk	pocket_5_swissmodel_P9WFV1_model_0	EDO	52.229
P9WFV1	pdb7pqk	pocket_6_swissmodel_P9WFV1_model_1	EDO	63.789
P9WFV7	8t5n_updated	pocket_1_alphafold2_P9WFV7_model_0	AMP	0.515
P9WFV7	8t5n_updated	pocket_1_alphafold3_P9WFV7_model_0	AMP	1.319
P9WFV7	8t5n_updated	pocket_1_alphafold3_P9WFV7_model_3	AMP	1.755
P9WFV7	8t5n_updated	pocket_1_alphafold3_P9WFV7_model_4	AMP	1.046
P9WFV7	8t5n_updated	pocket_1_swissmodel_P9WFV7_model_1	AMP	2.262
P9WFV7	8t5n_updated	pocket_2_alphafold2_P9WFV7_model_0	AMP	11.351
P9WFV7	8t5n_updated	pocket_2_chai1_P9WFV7_model_3	AMP	15.846
P9WFV7	8t5n_updated	pocket_2_swissmodel_P9WFV7_model_1	AMP	37.238
P9WFV7	8t5n_updated	pocket_1_alphafold2_P9WFV7_model_0	CA	19.901
P9WFV7	8t5n_updated	pocket_1_alphafold3_P9WFV7_model_0	CA	21.453
P9WFV7	8t5n_updated	pocket_1_alphafold3_P9WFV7_model_3	CA	21.82
P9WFV7	8t5n_updated	pocket_1_alphafold3_P9WFV7_model_4	CA	21.879
P9WFV7	8t5n_updated	pocket_1_swissmodel_P9WFV7_model_1	CA	19.792
P9WFV7	8t5n_updated	pocket_2_alphafold2_P9WFV7_model_0	CA	17.154
P9WFV7	8t5n_updated	pocket_2_chai1_P9WFV7_model_3	CA	6.369
P9WFV7	8t5n_updated	pocket_2_swissmodel_P9WFV7_model_1	CA	36.744
P9WFV7	8t5n_updated	pocket_1_alphafold2_P9WFV7_model_0	EDO	22.183
P9WFV7	8t5n_updated	pocket_1_alphafold3_P9WFV7_model_0	EDO	21.224
P9WFV7	8t5n_updated	pocket_1_alphafold3_P9WFV7_model_3	EDO	21.688
P9WFV7	8t5n_updated	pocket_1_alphafold3_P9WFV7_model_4	EDO	20.923
P9WFV7	8t5n_updated	pocket_1_swissmodel_P9WFV7_model_1	EDO	21.382
P9WFV7	8t5n_updated	pocket_2_alphafold2_P9WFV7_model_0	EDO	24.526
P9WFV7	8t5n_updated	pocket_2_chai1_P9WFV7_model_3	EDO	39.153
P9WFV7	8t5n_updated	pocket_2_swissmodel_P9WFV7_model_1	EDO	40.323
P9WFV7	8t5n_updated	pocket_1_alphafold2_P9WFV7_model_0	GOL	22.464
P9WFV7	8t5n_updated	pocket_1_alphafold3_P9WFV7_model_0	GOL	22.561
P9WFV7	8t5n_updated	pocket_1_alphafold3_P9WFV7_model_3	GOL	23.067
P9WFV7	8t5n_updated	pocket_1_alphafold3_P9WFV7_model_4	GOL	21.79
P9WFV7	8t5n_updated	pocket_1_swissmodel_P9WFV7_model_1	GOL	22.495
P9WFV7	8t5n_updated	pocket_2_alphafold2_P9WFV7_model_0	GOL	26.656
P9WFV7	8t5n_updated	pocket_2_chai1_P9WFV7_model_3	GOL	29.462
P9WFV7	8t5n_updated	pocket_2_swissmodel_P9WFV7_model_1	GOL	28.305
P9WFV7	8t5n_updated	pocket_1_alphafold2_P9WFV7_model_0	IMD	8.085
P9WFV7	8t5n_updated	pocket_1_alphafold3_P9WFV7_model_0	IMD	7.133
P9WFV7	8t5n_updated	pocket_1_alphafold3_P9WFV7_model_3	IMD	6.276
P9WFV7	8t5n_updated	pocket_1_alphafold3_P9WFV7_model_4	IMD	7.356
P9WFV7	8t5n_updated	pocket_1_swissmodel_P9WFV7_model_1	IMD	9.011
P9WFV7	8t5n_updated	pocket_2_alphafold2_P9WFV7_model_0	IMD	4.927
P9WFV7	8t5n_updated	pocket_2_chai1_P9WFV7_model_3	IMD	22.565
P9WFV7	8t5n_updated	pocket_2_swissmodel_P9WFV7_model_1	IMD	8.878
P9WFV7	8t5n_updated	pocket_1_alphafold2_P9WFV7_model_0	MG	4.778
P9WFV7	8t5n_updated	pocket_1_alphafold3_P9WFV7_model_0	MG	4.074
P9WFV7	8t5n_updated	pocket_1_alphafold3_P9WFV7_model_3	MG	3.837
P9WFV7	8t5n_updated	pocket_1_alphafold3_P9WFV7_model_4	MG	3.899
P9WFV7	8t5n_updated	pocket_1_swissmodel_P9WFV7_model_1	MG	3.639
P9WFV7	8t5n_updated	pocket_2_alphafold2_P9WFV7_model_0	MG	11.199
P9WFV7	8t5n_updated	pocket_2_chai1_P9WFV7_model_3	MG	25.798
P9WFV7	8t5n_updated	pocket_2_swissmodel_P9WFV7_model_1	MG	44.531
P9WFV7	8u2p_updated	pocket_1_alphafold2_P9WFV7_model_0	CL	27.073
P9WFV7	8u2p_updated	pocket_1_alphafold3_P9WFV7_model_0	CL	26.486
P9WFV7	8u2p_updated	pocket_1_alphafold3_P9WFV7_model_3	CL	26.546
P9WFV7	8u2p_updated	pocket_1_alphafold3_P9WFV7_model_4	CL	25.444
P9WFV7	8u2p_updated	pocket_1_swissmodel_P9WFV7_model_1	CL	27.646
P9WFV7	8u2p_updated	pocket_2_alphafold2_P9WFV7_model_0	CL	31.28
P9WFV7	8u2p_updated	pocket_2_chai1_P9WFV7_model_3	CL	15.106
P9WFV7	8u2p_updated	pocket_2_swissmodel_P9WFV7_model_1	CL	19.23
P9WFV7	8u2p_updated	pocket_1_alphafold2_P9WFV7_model_0	EDO	5.004
P9WFV7	8u2p_updated	pocket_1_alphafold3_P9WFV7_model_0	EDO	4.744
P9WFV7	8u2p_updated	pocket_1_alphafold3_P9WFV7_model_3	EDO	5.431
P9WFV7	8u2p_updated	pocket_1_alphafold3_P9WFV7_model_4	EDO	5.743
P9WFV7	8u2p_updated	pocket_1_swissmodel_P9WFV7_model_1	EDO	3.614
P9WFV7	8u2p_updated	pocket_2_alphafold2_P9WFV7_model_0	EDO	5.697
P9WFV7	8u2p_updated	pocket_2_chai1_P9WFV7_model_3	EDO	23.461
P9WFV7	8u2p_updated	pocket_2_swissmodel_P9WFV7_model_1	EDO	17.751
P9WFV7	8u2p_updated	pocket_1_alphafold2_P9WFV7_model_0	G5A	1.236
P9WFV7	8u2p_updated	pocket_1_alphafold3_P9WFV7_model_0	G5A	1.133
P9WFV7	8u2p_updated	pocket_1_alphafold3_P9WFV7_model_3	G5A	1.253
P9WFV7	8u2p_updated	pocket_1_alphafold3_P9WFV7_model_4	G5A	1.036
P9WFV7	8u2p_updated	pocket_1_swissmodel_P9WFV7_model_1	G5A	2.653
P9WFV7	8u2p_updated	pocket_2_alphafold2_P9WFV7_model_0	G5A	11.157
P9WFV7	8u2p_updated	pocket_2_chai1_P9WFV7_model_3	G5A	15.922
P9WFV7	8u2p_updated	pocket_2_swissmodel_P9WFV7_model_1	G5A	37.308
P9WFV7	8u2p_updated	pocket_1_alphafold2_P9WFV7_model_0	IMD	29.128
P9WFV7	8u2p_updated	pocket_1_alphafold3_P9WFV7_model_0	IMD	30.625
P9WFV7	8u2p_updated	pocket_1_alphafold3_P9WFV7_model_3	IMD	31.095
P9WFV7	8u2p_updated	pocket_1_alphafold3_P9WFV7_model_4	IMD	30.722
P9WFV7	8u2p_updated	pocket_1_swissmodel_P9WFV7_model_1	IMD	29.063
P9WFV7	8u2p_updated	pocket_2_alphafold2_P9WFV7_model_0	IMD	26.51
P9WFV7	8u2p_updated	pocket_2_chai1_P9WFV7_model_3	IMD	8.456
P9WFV7	8u2p_updated	pocket_2_swissmodel_P9WFV7_model_1	IMD	11.771
P9WFV7	8u2p_updated	pocket_1_alphafold2_P9WFV7_model_0	MES	24.204
P9WFV7	8u2p_updated	pocket_1_alphafold3_P9WFV7_model_0	MES	23.139
P9WFV7	8u2p_updated	pocket_1_alphafold3_P9WFV7_model_3	MES	23.264
P9WFV7	8u2p_updated	pocket_1_alphafold3_P9WFV7_model_4	MES	22.33
P9WFV7	8u2p_updated	pocket_1_swissmodel_P9WFV7_model_1	MES	24.341
P9WFV7	8u2p_updated	pocket_2_alphafold2_P9WFV7_model_0	MES	31.309
P9WFV7	8u2p_updated	pocket_2_chai1_P9WFV7_model_3	MES	42.591
P9WFV7	8u2p_updated	pocket_2_swissmodel_P9WFV7_model_1	MES	44.875
P9WFV7	8u2p_updated	pocket_1_alphafold2_P9WFV7_model_0	MG	3.553
P9WFV7	8u2p_updated	pocket_1_alphafold3_P9WFV7_model_0	MG	3.257
P9WFV7	8u2p_updated	pocket_1_alphafold3_P9WFV7_model_3	MG	4.246
P9WFV7	8u2p_updated	pocket_1_alphafold3_P9WFV7_model_4	MG	3.83
P9WFV7	8u2p_updated	pocket_1_swissmodel_P9WFV7_model_1	MG	2.264
P9WFV7	8u2p_updated	pocket_2_alphafold2_P9WFV7_model_0	MG	10.683
P9WFV7	8u2p_updated	pocket_2_chai1_P9WFV7_model_3	MG	24.45
P9WFV7	8u2p_updated	pocket_2_swissmodel_P9WFV7_model_1	MG	43.619
P9WFV9	pdb2ja2	pocket_1_alphafold2_P9WFV9_model_0	ACT	4.741
P9WFV9	pdb2ja2	pocket_1_swissmodel_P9WFV9_model_0	ACT	3.93
P9WFV9	pdb2ja2	pocket_2_alphafold2_P9WFV9_model_0	ACT	28.181
P9WFV9	pdb2ja2	pocket_2_alphafold3_P9WFV9_model_0	ACT	28.328
P9WFV9	pdb2ja2	pocket_2_alphafold3_P9WFV9_model_1	ACT	28.001
P9WFV9	pdb2ja2	pocket_2_alphafold3_P9WFV9_model_2	ACT	28.872
P9WFV9	pdb2ja2	pocket_2_alphafold3_P9WFV9_model_3	ACT	28.786
P9WFV9	pdb2ja2	pocket_2_alphafold3_P9WFV9_model_4	ACT	27.879
P9WFV9	pdb2ja2	pocket_2_chai1_P9WFV9_model_0	ACT	27.649
P9WFV9	pdb2ja2	pocket_2_chai1_P9WFV9_model_1	ACT	27.45
P9WFV9	pdb2ja2	pocket_2_chai1_P9WFV9_model_2	ACT	27.738
P9WFV9	pdb2ja2	pocket_2_chai1_P9WFV9_model_3	ACT	27.814
P9WFV9	pdb2ja2	pocket_2_chai1_P9WFV9_model_4	ACT	27.69
P9WFV9	pdb2ja2	pocket_2_swissmodel_P9WFV9_model_0	ACT	28.241
P9WFV9	pdb2ja2	pocket_1_alphafold2_P9WFV9_model_0	CL	6.321
P9WFV9	pdb2ja2	pocket_1_swissmodel_P9WFV9_model_0	CL	7.317
P9WFV9	pdb2ja2	pocket_2_alphafold2_P9WFV9_model_0	CL	24.141
P9WFV9	pdb2ja2	pocket_2_alphafold3_P9WFV9_model_0	CL	24.339
P9WFV9	pdb2ja2	pocket_2_alphafold3_P9WFV9_model_1	CL	23.862
P9WFV9	pdb2ja2	pocket_2_alphafold3_P9WFV9_model_2	CL	24.618
P9WFV9	pdb2ja2	pocket_2_alphafold3_P9WFV9_model_3	CL	24.658
P9WFV9	pdb2ja2	pocket_2_alphafold3_P9WFV9_model_4	CL	23.851
P9WFV9	pdb2ja2	pocket_2_chai1_P9WFV9_model_0	CL	23.573
P9WFV9	pdb2ja2	pocket_2_chai1_P9WFV9_model_1	CL	23.487
P9WFV9	pdb2ja2	pocket_2_chai1_P9WFV9_model_2	CL	23.808
P9WFV9	pdb2ja2	pocket_2_chai1_P9WFV9_model_3	CL	23.755
P9WFV9	pdb2ja2	pocket_2_chai1_P9WFV9_model_4	CL	23.598
P9WFV9	pdb2ja2	pocket_2_swissmodel_P9WFV9_model_0	CL	24.274
