Uniprot AC,File name,Prediction type,Full path,Pocket number,Pocket score,Pocket probability,Pocket centroid coordinate (x y z),Pocket residues (chain_resn),B-factors
P9WFS9,alphafold2_P9WFS9_model_0.pdb,alphafold2,processed/aligned_relaxed_structures/P9WFS9/alphafold2_P9WFS9_model_0.pdb,1,38.06,0.941,6.2831 10.2381 0.7746,A_196 A_197 A_356 A_357 A_415 A_417 A_454 A_455 A_456 A_459 A_490 A_491 A_494 A_495 A_51 A_52 A_53 A_530 A_531 A_532 A_533 A_54 A_540 A_541 A_542 A_543 A_56 A_58 A_60 A_62 A_63 A_65 A_66 A_91 A_93 A_94 A_95 A_96,68.89 77.77 82.22 81.33 95.63 94.36 94.63 93.57 94.26 95.4 86.55 88.92 85.08 93.09 93.11 93.29 92.02 93.26 89.63 89.63 89.21 90.55 82.27 81.44 76.65 69.45 78.47 84.11 89.51 91.63 93.09 95.59 95.01 94.35 91.01 91.63 88.87 86.93
P9WFS9,alphafold2_P9WFS9_model_0.pdb,alphafold2,processed/aligned_relaxed_structures/P9WFS9/alphafold2_P9WFS9_model_0.pdb,2,9.51,0.439,1.5045 28.3379 28.04,A_207 A_225 A_226 A_227 A_228 A_271 A_276 A_281 A_282 A_288 A_290 A_291 A_348 A_350 A_351,94.03 93.87 94.03 93.34 94.63 92.76 83.09 95.05 96.79 93.79 92.66 95.5 92.06 91.29 92.81
P9WFS9,alphafold2_P9WFS9_model_0.pdb,alphafold2,processed/aligned_relaxed_structures/P9WFS9/alphafold2_P9WFS9_model_0.pdb,3,7.95,0.357,13.9797 7.9508 -12.7239,A_128 A_132 A_133 A_135 A_136 A_139 A_140 A_148 A_151 A_153 A_90,88.4 78.29 80.29 90.11 91.49 95.51 95.46 95.79 94.77 95.34 94.87
P9WFS9,alphafold2_P9WFS9_model_0.pdb,alphafold2,processed/aligned_relaxed_structures/P9WFS9/alphafold2_P9WFS9_model_0.pdb,4,7.77,0.346,9.621 22.2265 26.5506,A_203 A_204 A_205 A_206 A_227 A_228 A_230 A_288 A_289 A_324 A_325 A_328 A_332 A_350 A_351 A_352 A_353 A_354 A_361 A_362 A_363 A_364,93.22 93.19 91.75 93.02 93.34 94.63 97.23 93.79 91.2 96.67 96.5 96.92 96.98 91.29 92.81 93.0 93.85 94.08 94.95 95.48 95.67 94.89
P9WFS9,alphafold2_P9WFS9_model_0.pdb,alphafold2,processed/aligned_relaxed_structures/P9WFS9/alphafold2_P9WFS9_model_0.pdb,5,5.37,0.209,1.8937 27.5778 9.5459,A_181 A_182 A_183 A_184 A_193 A_194 A_195 A_289 A_292 A_293 A_371 A_409 A_410 A_411 A_412,91.73 91.69 93.37 93.97 90.42 83.76 80.45 91.2 94.57 94.14 97.41 89.16 93.74 94.07 94.97
P9WFS9,alphafold3_P9WFS9_model_0.pdb,alphafold3,processed/aligned_relaxed_structures/P9WFS9/alphafold3_P9WFS9_model_0.pdb,2,9.58,0.442,-0.1289 29.2029 27.4932,A_207 A_225 A_226 A_227 A_228 A_271 A_272 A_273 A_276 A_281 A_282 A_284 A_288 A_290 A_291 A_348 A_350,93.04 95.76 95.13 94.8 92.68 80.28 95.04 90.86 80.47 86.29 93.88 95.19 91.77 88.45 96.55 92.4 89.06
P9WFS9,alphafold3_P9WFS9_model_0.pdb,alphafold3,processed/aligned_relaxed_structures/P9WFS9/alphafold3_P9WFS9_model_0.pdb,3,9.23,0.423,14.3814 8.8391 -13.2985,A_128 A_132 A_133 A_136 A_139 A_148 A_151 A_153 A_90,78.09 86.97 91.25 96.47 94.26 96.97 91.16 97.42 95.38
P9WFS9,alphafold3_P9WFS9_model_0.pdb,alphafold3,processed/aligned_relaxed_structures/P9WFS9/alphafold3_P9WFS9_model_0.pdb,4,7.14,0.311,6.78 21.3468 25.0047,A_203 A_204 A_205 A_206 A_227 A_228 A_230 A_287 A_288 A_324 A_325 A_328 A_350 A_351 A_352 A_353 A_354 A_361 A_362 A_363 A_364,90.4 80.88 95.24 80.94 94.8 92.68 94.85 94.34 91.77 89.63 95.3 89.86 89.06 90.85 95.37 97.47 92.52 95.96 80.43 92.24 96.29
P9WFS9,alphafold3_P9WFS9_model_1.pdb,alphafold3,processed/aligned_relaxed_structures/P9WFS9/alphafold3_P9WFS9_model_1.pdb,2,9.39,0.432,13.6518 8.6378 -12.8543,A_128 A_129 A_132 A_133 A_135 A_136 A_139 A_140 A_148 A_151 A_153 A_156 A_89 A_90,78.13 67.06 87.37 91.45 92.78 96.47 94.15 86.19 96.84 90.88 97.34 94.43 97.8 95.23
P9WFS9,alphafold3_P9WFS9_model_1.pdb,alphafold3,processed/aligned_relaxed_structures/P9WFS9/alphafold3_P9WFS9_model_1.pdb,3,9.15,0.42,1.4054 30.3604 27.5553,A_225 A_226 A_227 A_228 A_231 A_271 A_272 A_276 A_281 A_282 A_287 A_288 A_290 A_291 A_294 A_348,95.6 95.07 94.7 92.62 96.33 80.02 94.69 80.03 86.19 93.88 94.05 91.46 88.15 96.39 96.79 92.72
P9WFS9,alphafold3_P9WFS9_model_1.pdb,alphafold3,processed/aligned_relaxed_structures/P9WFS9/alphafold3_P9WFS9_model_1.pdb,4,7.81,0.349,6.9838 21.9642 25.5019,A_203 A_204 A_205 A_206 A_227 A_228 A_230 A_287 A_288 A_289 A_324 A_325 A_328 A_350 A_351 A_352 A_353 A_354 A_361 A_362 A_364,90.41 81.03 95.21 80.65 94.7 92.62 94.79 94.05 91.46 93.24 89.49 95.2 89.78 89.21 90.82 95.33 97.47 92.57 95.91 80.49 96.06
P9WFS9,alphafold3_P9WFS9_model_1.pdb,alphafold3,processed/aligned_relaxed_structures/P9WFS9/alphafold3_P9WFS9_model_1.pdb,5,6.72,0.288,0.9597 24.6715 6.1861,A_182 A_183 A_193 A_194 A_195 A_196 A_371 A_404 A_409 A_410 A_411 A_412 A_454 A_493 A_494 A_498,89.61 96.96 92.44 84.54 82.88 76.4 96.71 67.14 78.96 95.98 96.3 97.14 95.06 77.62 75.39 85.22
P9WFS9,alphafold3_P9WFS9_model_2.pdb,alphafold3,processed/aligned_relaxed_structures/P9WFS9/alphafold3_P9WFS9_model_2.pdb,2,22.35,0.825,2.0257 25.8462 25.1295,A_184 A_200 A_203 A_204 A_205 A_206 A_225 A_226 A_227 A_228 A_230 A_231 A_271 A_276 A_281 A_282 A_284 A_287 A_288 A_289 A_290 A_291 A_325 A_328 A_350 A_351 A_352 A_353 A_361 A_362 A_364,91.96 91.27 90.18 81.1 95.29 80.45 95.39 94.74 94.52 92.47 94.69 96.23 79.94 78.79 85.75 93.73 94.82 93.79 91.44 93.52 88.23 96.33 95.09 89.46 89.34 90.98 95.49 97.57 95.97 80.67 96.19
P9WFS9,alphafold3_P9WFS9_model_2.pdb,alphafold3,processed/aligned_relaxed_structures/P9WFS9/alphafold3_P9WFS9_model_2.pdb,3,6.99,0.302,0.1955 29.9517 10.0395,A_177 A_181 A_182 A_183 A_184 A_193 A_194 A_195 A_289 A_292 A_293 A_371 A_409 A_410 A_412,97.6 78.49 89.4 96.87 91.96 92.5 84.62 83.57 93.52 95.5 79.95 96.64 78.67 95.97 97.1
P9WFS9,alphafold3_P9WFS9_model_2.pdb,alphafold3,processed/aligned_relaxed_structures/P9WFS9/alphafold3_P9WFS9_model_2.pdb,4,6.37,0.268,13.8514 7.0414 -11.9862,A_128 A_132 A_133 A_136 A_139 A_140 A_148 A_151 A_152 A_153 A_89 A_90,78.54 87.55 91.35 96.37 93.99 85.83 96.77 90.9 85.23 97.35 97.76 95.29
P9WFS9,alphafold3_P9WFS9_model_3.pdb,alphafold3,processed/aligned_relaxed_structures/P9WFS9/alphafold3_P9WFS9_model_3.pdb,2,11.29,0.521,-0.145 30.6056 25.5476,A_225 A_226 A_227 A_228 A_231 A_271 A_272 A_273 A_276 A_281 A_282 A_288 A_290 A_291 A_294 A_350,95.54 94.9 94.75 92.33 96.3 79.62 94.58 90.22 79.37 85.74 93.52 91.27 88.03 96.36 96.79 89.07
P9WFS9,alphafold3_P9WFS9_model_3.pdb,alphafold3,processed/aligned_relaxed_structures/P9WFS9/alphafold3_P9WFS9_model_3.pdb,3,8.6,0.392,7.0278 22.525 24.8879,A_203 A_204 A_205 A_206 A_227 A_228 A_288 A_324 A_325 A_328 A_350 A_351 A_352 A_354 A_361 A_362 A_363 A_364,90.55 81.05 95.32 80.66 94.75 92.33 91.27 89.1 95.08 89.77 89.07 90.96 95.41 92.56 95.9 80.59 91.96 96.22
P9WFS9,alphafold3_P9WFS9_model_3.pdb,alphafold3,processed/aligned_relaxed_structures/P9WFS9/alphafold3_P9WFS9_model_3.pdb,4,7.82,0.349,14.4169 8.3887 -12.4918,A_128 A_132 A_133 A_136 A_139 A_148 A_151 A_90,78.32 87.03 91.25 96.47 93.91 96.78 90.79 95.23
P9WFS9,alphafold3_P9WFS9_model_3.pdb,alphafold3,processed/aligned_relaxed_structures/P9WFS9/alphafold3_P9WFS9_model_3.pdb,5,5.48,0.216,0.3865 31.1611 9.4703,A_181 A_182 A_183 A_184 A_193 A_194 A_195 A_289 A_292 A_371 A_409 A_410 A_412,78.67 89.31 96.9 91.96 92.36 84.29 83.15 93.41 95.7 96.69 78.11 95.89 97.2
P9WFS9,alphafold3_P9WFS9_model_4.pdb,alphafold3,processed/aligned_relaxed_structures/P9WFS9/alphafold3_P9WFS9_model_4.pdb,2,10.46,0.484,-0.6341 30.0516 25.6194,A_225 A_226 A_227 A_228 A_231 A_271 A_273 A_276 A_281 A_282 A_284 A_287 A_288 A_290 A_291 A_351,95.66 94.99 94.66 92.2 96.33 79.73 90.4 79.57 85.94 93.69 94.93 93.88 91.23 87.81 96.3 90.82
P9WFS9,alphafold3_P9WFS9_model_4.pdb,alphafold3,processed/aligned_relaxed_structures/P9WFS9/alphafold3_P9WFS9_model_4.pdb,3,7.7,0.342,14.3352 7.9707 -12.7182,A_128 A_129 A_132 A_133 A_136 A_139 A_140 A_148 A_151 A_153 A_89 A_90,78.24 66.45 87.09 91.35 96.47 93.95 85.81 96.66 90.63 97.27 97.75 95.04
P9WFS9,alphafold3_P9WFS9_model_4.pdb,alphafold3,processed/aligned_relaxed_structures/P9WFS9/alphafold3_P9WFS9_model_4.pdb,4,6.85,0.295,1.9052 23.7565 2.8222,A_194 A_195 A_196 A_197 A_404 A_409 A_410 A_411 A_412 A_413 A_454 A_456 A_498,83.9 82.99 76.31 82.19 65.3 78.51 96.05 96.4 97.24 98.02 95.08 89.54 84.52
P9WFS9,alphafold3_P9WFS9_model_4.pdb,alphafold3,processed/aligned_relaxed_structures/P9WFS9/alphafold3_P9WFS9_model_4.pdb,5,6.45,0.273,0.6248 31.0215 9.2978,A_177 A_181 A_182 A_183 A_184 A_193 A_194 A_195 A_289 A_292 A_293 A_371 A_409 A_410 A_412,97.67 78.93 89.34 96.87 91.72 92.47 83.9 82.99 93.25 95.57 79.54 96.7 78.51 96.05 97.24
P9WFS9,alphafold3_P9WFS9_model_4.pdb,alphafold3,processed/aligned_relaxed_structures/P9WFS9/alphafold3_P9WFS9_model_4.pdb,6,6.13,0.252,7.2588 22.1668 25.5873,A_203 A_204 A_205 A_206 A_227 A_228 A_230 A_325 A_328 A_350 A_351 A_352 A_354 A_361 A_362 A_363,90.45 81.33 95.32 80.79 94.66 92.2 94.68 95.12 89.84 89.0 90.82 95.33 92.36 95.93 80.36 92.1
P9WFS9,chai1_P9WFS9_model_0.pdb,chai1,processed/aligned_relaxed_structures/P9WFS9/chai1_P9WFS9_model_0.pdb,2,8.79,0.402,-0.4941 30.381 27.0223,A_207 A_225 A_226 A_227 A_228 A_231 A_271 A_272 A_273 A_276 A_281 A_282 A_284 A_288 A_290 A_291 A_294 A_348 A_350,89.4 91.66 92.8 91.07 78.76 92.54 66.47 91.21 80.95 66.2 83.23 89.51 94.88 83.41 70.03 89.1 94.24 83.33 81.33
P9WFS9,chai1_P9WFS9_model_0.pdb,chai1,processed/aligned_relaxed_structures/P9WFS9/chai1_P9WFS9_model_0.pdb,3,7.29,0.319,6.9553 22.7674 25.3052,A_203 A_204 A_205 A_206 A_227 A_228 A_230 A_324 A_325 A_328 A_350 A_351 A_352 A_354 A_361 A_362 A_363 A_364,82.9 72.05 89.13 65.6 91.07 78.76 86.04 81.2 90.82 85.72 81.33 84.72 90.92 84.6 91.4 81.2 75.07 93.62
P9WFS9,chai1_P9WFS9_model_1.pdb,chai1,processed/aligned_relaxed_structures/P9WFS9/chai1_P9WFS9_model_1.pdb,2,18.09,0.744,2.0632 24.698 25.6043,A_200 A_203 A_205 A_206 A_225 A_226 A_227 A_228 A_230 A_231 A_271 A_272 A_276 A_281 A_282 A_284 A_287 A_288 A_290 A_291 A_294 A_324 A_325 A_328 A_350 A_351 A_352 A_353 A_354 A_361 A_362 A_363 A_364,84.28 82.72 89.23 65.37 91.44 92.65 90.96 78.67 86.09 92.49 66.5 91.24 66.82 82.78 89.5 94.82 93.76 83.13 69.37 88.94 94.3 81.23 90.12 85.61 81.16 84.53 90.97 93.29 84.58 91.49 80.81 75.03 93.56
P9WFS9,chai1_P9WFS9_model_1.pdb,chai1,processed/aligned_relaxed_structures/P9WFS9/chai1_P9WFS9_model_1.pdb,4,8.02,0.36,14.7407 6.6251 -10.9686,A_128 A_132 A_133 A_136 A_137 A_148 A_151 A_152 A_90,75.72 67.35 73.51 91.78 92.69 95.1 87.45 73.82 87.74
P9WFS9,chai1_P9WFS9_model_2.pdb,chai1,processed/aligned_relaxed_structures/P9WFS9/chai1_P9WFS9_model_2.pdb,3,11.96,0.547,7.8355 19.7403 23.5989,A_184 A_200 A_203 A_204 A_205 A_206 A_227 A_228 A_230 A_288 A_289 A_324 A_325 A_328 A_332 A_350 A_351 A_352 A_353 A_354 A_361 A_362 A_363 A_364,83.0 84.87 82.67 71.98 88.98 65.54 90.98 78.55 85.81 83.3 89.79 81.31 91.09 85.6 66.55 81.0 84.81 90.96 93.15 84.62 91.38 80.61 75.2 93.55
P9WFS9,chai1_P9WFS9_model_2.pdb,chai1,processed/aligned_relaxed_structures/P9WFS9/chai1_P9WFS9_model_2.pdb,4,8.83,0.404,-1.1877 25.2978 25.4471,A_207 A_225 A_226 A_227 A_228 A_231 A_271 A_272 A_273 A_276 A_281 A_282 A_284 A_287 A_288 A_290 A_291 A_348,89.23 91.52 92.85 90.98 78.55 92.68 66.66 91.26 80.83 66.14 83.36 89.52 94.84 93.76 83.3 69.61 89.05 83.34
P9WFS9,chai1_P9WFS9_model_3.pdb,chai1,processed/aligned_relaxed_structures/P9WFS9/chai1_P9WFS9_model_3.pdb,4,9.04,0.416,4.7605 21.6655 24.485,A_184 A_200 A_203 A_204 A_205 A_206 A_227 A_228 A_230 A_289 A_324 A_325 A_328 A_350 A_351 A_352 A_353 A_361 A_362 A_363 A_364,82.6 84.69 82.73 72.15 89.25 65.53 91.04 78.62 85.81 89.68 80.91 89.9 85.41 81.08 84.48 90.71 93.25 91.52 80.53 75.07 93.46
P9WFS9,chai1_P9WFS9_model_3.pdb,chai1,processed/aligned_relaxed_structures/P9WFS9/chai1_P9WFS9_model_3.pdb,6,8.08,0.364,-2.4181 28.2097 27.4151,A_207 A_225 A_226 A_227 A_228 A_231 A_271 A_272 A_273 A_276 A_281 A_282 A_288 A_290 A_291 A_294 A_348,89.14 91.39 92.69 91.04 78.62 92.39 66.56 90.4 80.65 66.44 82.28 89.0 82.99 69.04 88.65 94.05 83.23
P9WFS9,chai1_P9WFS9_model_4.pdb,chai1,processed/aligned_relaxed_structures/P9WFS9/chai1_P9WFS9_model_4.pdb,4,9.86,0.456,7.1769 19.688 22.8299,A_200 A_203 A_204 A_205 A_206 A_227 A_228 A_230 A_287 A_288 A_289 A_290 A_324 A_325 A_328 A_350 A_351 A_352 A_353 A_354 A_361 A_362 A_364,83.74 82.67 72.02 89.42 65.74 90.99 78.76 85.85 93.48 82.93 88.91 68.84 81.15 90.05 85.44 80.82 83.71 90.66 92.97 84.57 91.46 80.42 93.03
P9WFS9,chai1_P9WFS9_model_4.pdb,chai1,processed/aligned_relaxed_structures/P9WFS9/chai1_P9WFS9_model_4.pdb,5,9.76,0.451,-0.8669 24.8011 25.5809,A_225 A_226 A_227 A_228 A_231 A_271 A_273 A_276 A_281 A_282 A_284 A_288 A_290 A_291 A_294 A_350 A_351,91.33 92.66 90.99 78.76 92.29 66.5 80.79 66.5 82.55 89.41 94.49 82.93 68.84 88.89 94.03 80.82 83.71
P9WFS9,swissmodel_P9WFS9_model_0.pdb,swissmodel,processed/aligned_relaxed_structures/P9WFS9/swissmodel_P9WFS9_model_0.pdb,1,38.81,0.943,6.2005 8.7497 1.0858,A_197 A_356 A_357 A_455 A_456 A_488 A_490 A_491 A_494 A_495 A_531 A_532 A_533 A_54 A_540 A_541 A_542 A_543 A_56 A_57 A_58 A_60 A_62 A_63 A_65 A_66 A_91 A_93 A_95 A_96,0.79 0.82 0.82 0.94 0.94 0.92 0.87 0.9 0.86 0.93 0.9 0.9 0.89 0.9 0.82 0.82 0.76 0.69 0.75 0.73 0.83 0.89 0.92 0.93 0.96 0.95 0.94 0.9 0.89 0.86
P9WFS9,swissmodel_P9WFS9_model_0.pdb,swissmodel,processed/aligned_relaxed_structures/P9WFS9/swissmodel_P9WFS9_model_0.pdb,2,16.88,0.712,4.6825 25.9692 25.6152,A_203 A_204 A_205 A_206 A_225 A_226 A_227 A_228 A_230 A_231 A_271 A_273 A_276 A_281 A_282 A_284 A_287 A_288 A_289 A_290 A_291 A_325 A_328 A_350 A_351 A_352 A_354 A_361 A_362 A_363 A_364,0.93 0.93 0.92 0.93 0.94 0.94 0.94 0.95 0.97 0.97 0.93 0.92 0.84 0.95 0.97 0.97 0.96 0.94 0.91 0.93 0.95 0.97 0.97 0.91 0.93 0.93 0.94 0.95 0.96 0.96 0.95
P9WFS9,swissmodel_P9WFS9_model_0.pdb,swissmodel,processed/aligned_relaxed_structures/P9WFS9/swissmodel_P9WFS9_model_0.pdb,3,8.85,0.406,14.7034 7.4964 -12.6181,A_128 A_129 A_132 A_133 A_135 A_136 A_140 A_148 A_151 A_90,0.86 0.84 0.69 0.75 0.89 0.9 0.95 0.96 0.94 0.94
P9WFS9,swissmodel_P9WFS9_model_0.pdb,swissmodel,processed/aligned_relaxed_structures/P9WFS9/swissmodel_P9WFS9_model_0.pdb,4,7.81,0.349,2.1553 28.4936 9.8074,A_177 A_181 A_182 A_183 A_184 A_193 A_194 A_195 A_289 A_292 A_293 A_371 A_409 A_410 A_411 A_412,0.97 0.92 0.92 0.94 0.94 0.9 0.84 0.82 0.91 0.95 0.94 0.98 0.9 0.94 0.94 0.95
P9WFS9,swissmodel_P9WFS9_model_1.pdb,swissmodel,processed/aligned_relaxed_structures/P9WFS9/swissmodel_P9WFS9_model_1.pdb,1,41.36,0.95,5.1518 7.843 0.5055,B_196 B_197 B_356 B_357 B_456 B_459 B_487 B_488 B_490 B_491 B_494 B_495 B_51 B_52 B_531 B_532 B_533 B_54 B_540 B_541 B_542 B_543 B_544 B_56 B_57 B_58 B_60 B_62 B_63 B_65 B_66 B_91 B_96,0.76 0.75 0.72 0.7 0.8 0.84 0.83 0.82 0.75 0.77 0.78 0.77 0.86 0.86 0.83 0.8 0.79 0.8 0.67 0.73 0.74 0.69 0.69 0.79 0.8 0.79 0.79 0.84 0.82 0.85 0.83 0.84 0.82
P9WFS9,swissmodel_P9WFS9_model_1.pdb,swissmodel,processed/aligned_relaxed_structures/P9WFS9/swissmodel_P9WFS9_model_1.pdb,3,5.72,0.229,13.4317 8.9712 -13.7612,B_128 B_132 B_133 B_135 B_136 B_140 B_148 B_151 B_153 B_90,0.74 0.8 0.79 0.8 0.84 0.79 0.76 0.82 0.82 0.83
P9WFT1,alphafold2_P9WFT1_model_0.pdb,alphafold2,processed/aligned_relaxed_structures/P9WFT1/alphafold2_P9WFT1_model_0.pdb,1,29.17,0.894,11.0869 2.5783 0.0427,A_124 A_175 A_178 A_191 A_192 A_193 A_194 A_196 A_197 A_201 A_221 A_222 A_223 A_224 A_231 A_232 A_240 A_272 A_36 A_38 A_39 A_40 A_42 A_47 A_49 A_50 A_52 A_53 A_70 A_75 A_80,95.58 98.34 98.53 98.64 98.15 96.5 94.06 90.79 94.58 97.91 97.02 93.88 89.72 87.45 77.96 83.41 84.75 96.38 98.26 94.51 92.23 90.93 85.1 91.9 88.82 90.55 94.84 94.62 94.43 93.5 92.64
P9WFT1,alphafold2_P9WFT1_model_0.pdb,alphafold2,processed/aligned_relaxed_structures/P9WFT1/alphafold2_P9WFT1_model_0.pdb,2,5.96,0.242,24.4541 -10.6883 -0.5453,A_128 A_129 A_131 A_132 A_133 A_136 A_137 A_166 A_167 A_170 A_74 A_77 A_78,96.28 94.08 95.58 97.19 96.82 97.54 97.29 95.4 94.64 96.14 92.68 89.36 91.91
P9WFT1,alphafold3_P9WFT1_model_0.pdb,alphafold3,processed/aligned_relaxed_structures/P9WFT1/alphafold3_P9WFT1_model_0.pdb,2,5.55,0.22,23.8108 -11.1075 -1.1476,A_128 A_131 A_132 A_133 A_136 A_137 A_166 A_167 A_170 A_174 A_77 A_78,93.02 89.03 95.36 95.3 91.93 91.97 85.9 82.95 85.73 90.57 66.76 73.4
P9WFT1,alphafold3_P9WFT1_model_1.pdb,alphafold3,processed/aligned_relaxed_structures/P9WFT1/alphafold3_P9WFT1_model_1.pdb,2,5.83,0.235,23.8649 -11.1672 -1.3425,A_128 A_131 A_132 A_133 A_136 A_137 A_166 A_167 A_170 A_174 A_74 A_77 A_78,92.76 89.04 95.46 95.3 91.92 92.06 85.57 82.8 85.44 90.13 86.04 66.31 73.61
P9WFT1,alphafold3_P9WFT1_model_4.pdb,alphafold3,processed/aligned_relaxed_structures/P9WFT1/alphafold3_P9WFT1_model_4.pdb,2,6.76,0.29,24.7418 -10.8337 -0.5033,A_128 A_131 A_133 A_136 A_137 A_166 A_167 A_170 A_174 A_74 A_77 A_78,92.67 88.94 95.17 91.45 91.9 85.45 82.68 85.27 89.9 85.88 66.77 72.82
P9WFT1,chai1_P9WFT1_model_0.pdb,chai1,processed/aligned_relaxed_structures/P9WFT1/chai1_P9WFT1_model_0.pdb,2,7.54,0.333,23.5832 -11.0241 -1.3571,A_128 A_131 A_133 A_136 A_137 A_166 A_167 A_170 A_174 A_74 A_77 A_78,94.35 95.7 97.11 95.17 95.78 92.02 92.64 91.64 94.45 95.3 82.2 89.68
P9WFT1,chai1_P9WFT1_model_1.pdb,chai1,processed/aligned_relaxed_structures/P9WFT1/chai1_P9WFT1_model_1.pdb,2,9.35,0.43,24.4696 -10.6767 -1.6084,A_128 A_131 A_133 A_136 A_137 A_166 A_167 A_170 A_174 A_74 A_77 A_78,94.9 95.69 97.14 95.16 95.72 92.04 92.55 91.63 94.42 95.39 82.06 89.75
P9WFT1,chai1_P9WFT1_model_2.pdb,chai1,processed/aligned_relaxed_structures/P9WFT1/chai1_P9WFT1_model_2.pdb,1,26.15,0.871,10.6626 1.2971 1.279,A_175 A_191 A_192 A_193 A_194 A_196 A_197 A_201 A_222 A_223 A_224 A_232 A_240 A_242 A_38 A_39 A_40 A_42 A_43 A_45 A_47 A_49 A_50 A_52 A_53 A_80 A_87,88.94 82.48 93.06 97.83 97.08 86.55 89.0 97.02 93.61 82.75 87.5 82.92 79.96 91.44 96.37 94.53 87.37 85.49 92.63 94.23 79.7 92.36 90.79 94.01 93.64 85.74 67.2
P9WFT1,chai1_P9WFT1_model_2.pdb,chai1,processed/aligned_relaxed_structures/P9WFT1/chai1_P9WFT1_model_2.pdb,2,5.76,0.231,25.1152 -10.9641 -1.5708,A_128 A_129 A_131 A_133 A_136 A_137 A_166 A_167 A_170 A_74 A_77 A_78,94.85 94.6 95.67 97.1 95.26 95.72 92.01 92.62 91.69 95.33 81.79 89.59
P9WFT1,chai1_P9WFT1_model_4.pdb,chai1,processed/aligned_relaxed_structures/P9WFT1/chai1_P9WFT1_model_4.pdb,2,4.4,0.153,24.6027 -10.8372 -1.586,A_128 A_131 A_132 A_133 A_136 A_166 A_170 A_174 A_74 A_77 A_78,94.89 95.63 96.44 97.1 95.13 92.21 91.68 94.43 95.41 82.03 89.71
P9WFT1,swissmodel_P9WFT1_model_0.pdb,swissmodel,processed/aligned_relaxed_structures/P9WFT1/swissmodel_P9WFT1_model_0.pdb,1,7.03,0.305,17.1382 -1.4653 2.8475,B_152 B_154 B_155 B_158 B_168 B_171 B_172 B_175 B_191 B_196 B_197 B_199 B_200 B_38 B_39 B_40 B_72 B_75,0.77 0.86 0.84 0.78 0.84 0.91 0.91 0.93 0.94 0.88 0.89 0.92 0.9 0.96 0.9 0.84 0.93 0.81
P9WFT1,swissmodel_P9WFT1_model_0.pdb,swissmodel,processed/aligned_relaxed_structures/P9WFT1/swissmodel_P9WFT1_model_0.pdb,2,6.37,0.268,5.8973 5.476 2.5941,B_194 B_196 B_197 B_222 B_223 B_224 B_232 B_48 B_49 B_50 B_52 B_53,0.98 0.88 0.89 0.99 0.97 0.98 0.94 0.97 0.96 0.91 0.96 0.95
P9WFT3,alphafold2_P9WFT3_model_0.pdb,alphafold2,processed/aligned_relaxed_structures/P9WFT3/alphafold2_P9WFT3_model_0.pdb,1,13.69,0.612,-3.1162 6.6733 -0.3073,A_11 A_114 A_118 A_12 A_13 A_138 A_14 A_141 A_142 A_15 A_150 A_151 A_152 A_156 A_159 A_160 A_33 A_47 A_50,97.9 88.42 88.79 96.25 94.83 98.42 92.27 98.75 98.55 93.89 96.38 93.14 89.21 90.06 95.46 96.69 93.28 97.74 96.9
P9WFT3,alphafold2_P9WFT3_model_0.pdb,alphafold2,processed/aligned_relaxed_structures/P9WFT3/alphafold2_P9WFT3_model_0.pdb,2,4.8,0.175,-1.0382 -4.488 -1.8568,A_13 A_14 A_15 A_156 A_17 A_18 A_203 A_204 A_21 A_22 A_25 A_29 A_30 A_33 A_68 A_72,94.83 92.27 93.89 90.06 82.57 82.78 87.12 81.85 93.02 93.86 90.88 87.69 91.1 93.28 96.37 96.56
P9WFT3,alphafold3_P9WFT3_model_0.pdb,alphafold3,processed/aligned_relaxed_structures/P9WFT3/alphafold3_P9WFT3_model_0.pdb,1,10.19,0.471,-2.482 6.0035 0.0637,A_11 A_114 A_12 A_13 A_138 A_14 A_15 A_150 A_152 A_156 A_159 A_160 A_47,96.71 69.15 88.18 92.45 83.69 87.32 82.08 95.13 81.51 73.69 84.52 92.07 96.22
P9WFT3,alphafold3_P9WFT3_model_2.pdb,alphafold3,processed/aligned_relaxed_structures/P9WFT3/alphafold3_P9WFT3_model_2.pdb,2,9.31,0.428,-2.4163 5.9868 0.6773,A_11 A_114 A_12 A_13 A_138 A_14 A_15 A_150 A_152 A_156 A_159 A_160 A_47,96.75 67.13 88.3 92.49 82.9 87.43 81.49 94.99 81.32 72.52 83.02 91.25 96.04
P9WFT3,alphafold3_P9WFT3_model_3.pdb,alphafold3,processed/aligned_relaxed_structures/P9WFT3/alphafold3_P9WFT3_model_3.pdb,2,1.26,0.011,-4.7519 -14.951 -5.4106,A_18 A_19 A_209 A_212 A_214 A_217 A_221,80.84 86.39 73.17 78.5 86.63 87.13 85.08
P9WFT3,chai1_P9WFT3_model_3.pdb,chai1,processed/aligned_relaxed_structures/P9WFT3/chai1_P9WFT3_model_3.pdb,2,5.41,0.212,-3.5831 5.9694 0.5686,A_11 A_13 A_138 A_141 A_142 A_15 A_150 A_152 A_156 A_159 A_160 A_47 A_50,96.44 93.19 81.14 91.69 94.64 80.42 94.61 78.49 77.27 87.0 89.17 96.83 94.45
P9WFT3,chai1_P9WFT3_model_4.pdb,chai1,processed/aligned_relaxed_structures/P9WFT3/chai1_P9WFT3_model_4.pdb,2,5.21,0.199,-4.0032 4.3045 -1.0179,A_11 A_114 A_13 A_138 A_142 A_15 A_152 A_156 A_159 A_160 A_47,96.5 70.14 93.33 80.88 94.73 80.34 78.93 77.08 86.77 89.43 96.88
P9WFT3,swissmodel_P9WFT3_model_0.pdb,swissmodel,processed/aligned_relaxed_structures/P9WFT3/swissmodel_P9WFT3_model_0.pdb,1,17.99,0.741,-2.0102 0.3403 -1.8244,A_11 A_113 A_114 A_12 A_13 A_138 A_141 A_142 A_15 A_150 A_152 A_153 A_155 A_156 A_160 A_17 A_18 A_20 A_201 A_203 A_204 A_21 A_212 A_214 A_22 A_25 A_47,0.97 0.93 0.86 0.98 0.98 0.94 0.99 1.0 0.96 0.98 0.9 0.92 0.87 0.86 0.96 0.98 0.96 0.97 0.91 0.94 0.87 0.98 0.97 0.97 0.94 0.93 1.0
P9WFT3,swissmodel_P9WFT3_model_0.pdb,swissmodel,processed/aligned_relaxed_structures/P9WFT3/swissmodel_P9WFT3_model_0.pdb,2,1.78,0.027,14.007 -3.6575 -7.866,A_187 A_190 A_191 A_193 A_241 A_245 A_248 A_252,0.82 0.86 0.88 0.95 0.94 0.96 0.97 0.96
P9WFT5,alphafold2_P9WFT5_model_0.pdb,alphafold2,processed/aligned_relaxed_structures/P9WFT5/alphafold2_P9WFT5_model_0.pdb,3,6.92,0.299,-18.0391 -20.4843 -7.3108,A_277 A_278 A_296 A_580 A_581 A_584 A_611 A_613 A_625 A_626 A_629 A_630 A_631,98.29 97.93 98.59 98.12 98.38 98.7 98.22 98.15 96.91 97.54 96.61 97.19 98.24
P9WFT5,alphafold3_P9WFT5_model_0.pdb,alphafold3,processed/aligned_relaxed_structures/P9WFT5/alphafold3_P9WFT5_model_0.pdb,1,24.71,0.857,8.8763 -4.821 12.6552,A_336 A_340 A_372 A_403 A_405 A_413 A_414 A_415 A_416 A_419 A_421 A_423 A_425 A_501 A_506 A_520 A_522 A_523 A_525 A_530 A_552 A_554 A_557 A_558 A_561,86.45 89.19 72.55 89.08 90.48 96.23 92.74 81.29 95.06 92.13 82.58 92.92 93.24 82.99 76.32 72.07 81.55 81.76 71.74 84.99 90.61 91.54 92.95 95.57 75.09
P9WFT5,alphafold3_P9WFT5_model_0.pdb,alphafold3,processed/aligned_relaxed_structures/P9WFT5/alphafold3_P9WFT5_model_0.pdb,3,5.43,0.213,-17.7133 -18.7451 -7.4223,A_277 A_278 A_296 A_580 A_581 A_611 A_613 A_615 A_625 A_626 A_629 A_631,97.15 95.5 86.12 96.76 97.82 88.33 98.07 97.34 90.9 95.46 84.85 97.74
P9WFT5,alphafold3_P9WFT5_model_1.pdb,alphafold3,processed/aligned_relaxed_structures/P9WFT5/alphafold3_P9WFT5_model_1.pdb,1,24.3,0.852,7.8608 -6.6969 16.6724,A_340 A_371 A_372 A_403 A_414 A_419 A_421 A_423 A_501 A_503 A_506 A_520 A_521 A_522 A_523 A_525 A_527 A_530 A_552 A_553 A_554 A_557 A_561,90.28 96.24 71.08 88.62 92.61 92.66 83.18 93.27 83.01 80.27 76.42 72.07 79.84 81.93 81.71 71.76 87.5 85.67 91.1 73.52 91.73 92.77 73.55
P9WFT5,alphafold3_P9WFT5_model_1.pdb,alphafold3,processed/aligned_relaxed_structures/P9WFT5/alphafold3_P9WFT5_model_1.pdb,2,5.66,0.226,-18.0593 -19.2581 -6.99,A_277 A_278 A_296 A_580 A_581 A_611 A_613 A_625 A_626 A_629 A_631,97.38 95.85 86.06 96.83 97.96 88.64 98.15 91.14 95.77 84.92 97.89
P9WFT5,alphafold3_P9WFT5_model_2.pdb,alphafold3,processed/aligned_relaxed_structures/P9WFT5/alphafold3_P9WFT5_model_2.pdb,1,28.91,0.893,7.7333 -6.5369 17.3864,A_336 A_340 A_343 A_344 A_371 A_372 A_403 A_405 A_414 A_415 A_416 A_419 A_421 A_423 A_501 A_503 A_506 A_520 A_521 A_522 A_523 A_525 A_530 A_552 A_554 A_557 A_561,86.97 89.59 95.43 92.43 96.28 71.83 88.54 90.41 92.8 80.09 95.07 92.63 83.0 93.05 82.88 79.13 75.74 71.67 79.19 81.36 81.55 71.41 85.68 90.49 91.61 92.9 74.27
P9WFT5,alphafold3_P9WFT5_model_2.pdb,alphafold3,processed/aligned_relaxed_structures/P9WFT5/alphafold3_P9WFT5_model_2.pdb,2,7.45,0.329,-16.0108 -18.3285 -6.9362,A_277 A_296 A_572 A_574 A_579 A_580 A_581 A_611 A_613 A_625 A_626 A_629 A_630 A_631,97.33 86.06 97.66 97.8 98.58 96.85 97.97 88.37 98.14 91.09 95.76 84.51 87.98 97.85
P9WFT5,alphafold3_P9WFT5_model_3.pdb,alphafold3,processed/aligned_relaxed_structures/P9WFT5/alphafold3_P9WFT5_model_3.pdb,1,23.09,0.836,10.3504 -3.8977 11.507,A_336 A_340 A_372 A_374 A_403 A_421 A_423 A_425 A_501 A_503 A_506 A_520 A_521 A_522 A_523 A_525 A_530 A_552 A_553 A_554 A_557,86.0 89.68 71.44 89.75 88.13 81.96 92.6 93.57 82.26 78.96 75.64 72.31 79.5 81.7 81.81 71.94 85.2 90.78 73.93 91.56 92.81
P9WFT5,alphafold3_P9WFT5_model_3.pdb,alphafold3,processed/aligned_relaxed_structures/P9WFT5/alphafold3_P9WFT5_model_3.pdb,2,12.61,0.572,-5.4612 4.2715 -6.1094,A_111 A_112 A_113 A_225 A_226 A_245 A_246 A_258 A_261 A_262 A_265 A_266 A_269 A_270 A_271 A_410 A_411 A_414 A_515 A_517 A_519 A_568,94.16 82.61 84.66 93.97 75.73 92.45 97.7 88.65 81.07 81.89 92.06 73.56 91.8 94.05 89.72 89.97 81.16 92.93 70.87 67.26 84.92 91.79
P9WFT5,alphafold3_P9WFT5_model_3.pdb,alphafold3,processed/aligned_relaxed_structures/P9WFT5/alphafold3_P9WFT5_model_3.pdb,3,8.74,0.399,-16.9775 -17.9575 -7.3173,A_276 A_277 A_296 A_572 A_574 A_580 A_581 A_611 A_613 A_625 A_626 A_629 A_630 A_631,88.5 97.33 85.99 97.79 97.83 96.71 97.94 88.91 98.16 91.2 95.84 84.67 88.88 97.92
P9WFT5,alphafold3_P9WFT5_model_4.pdb,alphafold3,processed/aligned_relaxed_structures/P9WFT5/alphafold3_P9WFT5_model_4.pdb,1,16.22,0.695,8.2488 -4.4162 11.3512,A_340 A_371 A_372 A_403 A_405 A_414 A_415 A_416 A_419 A_421 A_423 A_425 A_501 A_506 A_520 A_523 A_525 A_530 A_552 A_554 A_557 A_558 A_561,89.48 96.26 72.48 88.06 90.15 92.72 79.67 94.97 92.26 82.88 92.88 93.37 82.87 76.54 71.95 81.88 71.73 85.39 90.98 91.18 92.7 95.66 74.3
P9WFT5,alphafold3_P9WFT5_model_4.pdb,alphafold3,processed/aligned_relaxed_structures/P9WFT5/alphafold3_P9WFT5_model_4.pdb,2,6.24,0.26,-17.7455 -18.2865 -6.9232,A_276 A_277 A_279 A_296 A_580 A_581 A_611 A_613 A_625 A_626 A_629 A_631,88.35 97.18 97.7 86.03 96.81 97.87 88.19 98.07 90.88 95.61 84.27 97.73
P9WFT5,alphafold3_P9WFT5_model_4.pdb,alphafold3,processed/aligned_relaxed_structures/P9WFT5/alphafold3_P9WFT5_model_4.pdb,3,5.82,0.235,-6.1897 6.8063 -6.2041,A_111 A_112 A_113 A_225 A_226 A_245 A_246 A_258 A_261 A_262 A_265 A_266 A_269 A_271 A_411,94.15 83.25 84.65 93.78 75.41 92.38 97.59 88.64 81.8 82.12 91.92 73.61 91.35 89.3 81.31
P9WFT5,chai1_P9WFT5_model_0.pdb,chai1,processed/aligned_relaxed_structures/P9WFT5/chai1_P9WFT5_model_0.pdb,2,12.3,0.561,-4.5927 4.7243 -6.1547,A_111 A_112 A_113 A_225 A_226 A_245 A_246 A_258 A_261 A_262 A_265 A_266 A_269 A_270 A_271 A_408 A_411 A_414 A_517 A_518 A_519 A_568,90.21 80.12 80.32 90.77 70.36 92.68 98.0 91.64 82.9 84.86 92.79 68.9 87.93 95.57 80.37 82.55 80.76 87.38 87.77 85.49 91.05 90.68
P9WFT5,chai1_P9WFT5_model_0.pdb,chai1,processed/aligned_relaxed_structures/P9WFT5/chai1_P9WFT5_model_0.pdb,3,8.72,0.398,-19.447 -18.5118 -7.2668,A_276 A_277 A_296 A_580 A_581 A_611 A_613 A_615 A_617 A_621 A_625 A_626 A_629 A_631,77.1 96.57 82.67 96.86 96.99 75.05 93.36 94.98 86.83 68.26 90.29 89.04 82.77 97.53
P9WFT5,chai1_P9WFT5_model_1.pdb,chai1,processed/aligned_relaxed_structures/P9WFT5/chai1_P9WFT5_model_1.pdb,2,9.61,0.444,-19.0661 -20.1238 -7.7128,A_276 A_277 A_296 A_580 A_581 A_611 A_613 A_615 A_617 A_621 A_625 A_626 A_629 A_630 A_631,77.07 96.58 82.49 96.85 96.97 75.06 93.41 94.91 86.73 68.53 90.41 89.2 83.03 86.76 97.62
P9WFT5,chai1_P9WFT5_model_1.pdb,chai1,processed/aligned_relaxed_structures/P9WFT5/chai1_P9WFT5_model_1.pdb,3,8.43,0.383,-4.1783 -0.5041 -2.6321,A_226 A_261 A_265 A_266 A_269 A_270 A_411 A_414 A_517 A_519 A_568,70.03 83.4 92.63 68.7 87.38 95.63 80.83 87.42 87.89 91.32 90.67
P9WFT5,chai1_P9WFT5_model_2.pdb,chai1,processed/aligned_relaxed_structures/P9WFT5/chai1_P9WFT5_model_2.pdb,2,5.56,0.22,-18.6744 -19.8838 -7.1445,A_276 A_277 A_296 A_580 A_581 A_611 A_625 A_626 A_629 A_631,77.17 96.6 82.79 96.93 97.05 74.85 90.3 90.14 83.0 97.64
P9WFT5,chai1_P9WFT5_model_3.pdb,chai1,processed/aligned_relaxed_structures/P9WFT5/chai1_P9WFT5_model_3.pdb,2,6.47,0.274,-17.8265 -18.8885 -7.0127,A_277 A_296 A_580 A_581 A_611 A_613 A_615 A_617 A_625 A_626 A_629 A_631,96.6 82.65 96.87 97.09 75.02 93.43 95.19 86.73 90.39 90.04 83.02 97.57
P9WFT5,chai1_P9WFT5_model_4.pdb,chai1,processed/aligned_relaxed_structures/P9WFT5/chai1_P9WFT5_model_4.pdb,2,7.78,0.347,-18.3526 -18.926 -7.0632,A_276 A_277 A_278 A_296 A_572 A_580 A_581 A_611 A_613 A_617 A_621 A_625 A_626 A_629 A_631,77.06 96.6 94.27 82.82 97.14 96.94 97.09 74.83 93.46 86.76 68.4 90.41 90.22 83.03 97.59
P9WFT5,swissmodel_P9WFT5_model_0.pdb,swissmodel,processed/aligned_relaxed_structures/P9WFT5/swissmodel_P9WFT5_model_0.pdb,1,22.68,0.831,6.9886 -3.3467 10.311,A_336 A_340 A_343 A_344 A_371 A_372 A_403 A_405 A_414 A_416 A_419 A_421 A_423 A_501 A_503 A_506 A_520 A_522 A_523 A_525 A_552 A_553 A_554 A_557 A_558 A_561,0.95 0.92 0.92 0.96 0.96 0.95 0.96 0.9 0.92 0.95 0.97 0.96 0.96 0.92 0.93 0.96 0.87 0.93 0.94 0.96 0.98 0.96 0.95 0.91 0.95 0.94
P9WFT5,swissmodel_P9WFT5_model_0.pdb,swissmodel,processed/aligned_relaxed_structures/P9WFT5/swissmodel_P9WFT5_model_0.pdb,2,6.39,0.269,-18.9984 -18.671 -7.3576,A_276 A_277 A_296 A_580 A_581 A_611 A_613 A_615 A_617 A_625 A_626 A_629 A_631,0.97 0.98 0.99 0.98 0.98 0.98 0.98 0.96 0.95 0.97 0.98 0.97 0.98
P9WFT7,alphafold2_P9WFT7_model_0.pdb,alphafold2,processed/aligned_relaxed_structures/P9WFT7/alphafold2_P9WFT7_model_0.pdb,1,30.92,0.906,6.5572 1.8449 -1.6218,A_205 A_209 A_212 A_213 A_225 A_226 A_228 A_257 A_259 A_271 A_272 A_273 A_276 A_278 A_280 A_321 A_322 A_323 A_325 A_329 A_344 A_345 A_346 A_347 A_349 A_377 A_379 A_382 A_384,86.75 73.36 88.38 93.7 95.96 97.35 97.96 95.36 89.38 92.7 92.47 95.17 98.11 98.57 98.71 95.91 95.7 92.58 95.6 98.75 96.17 97.01 97.69 98.11 98.72 98.81 98.6 98.06 95.94
P9WFT7,alphafold2_P9WFT7_model_0.pdb,alphafold2,processed/aligned_relaxed_structures/P9WFT7/alphafold2_P9WFT7_model_0.pdb,2,8.51,0.387,3.6267 -9.0901 6.2451,A_1 A_100 A_101 A_102 A_103 A_18 A_201 A_202 A_204 A_206 A_207 A_208 A_209 A_21 A_23 A_319 A_320 A_321 A_323 A_324 A_354,94.01 94.38 93.92 95.72 95.81 97.63 93.95 95.1 89.19 81.1 78.08 71.24 73.36 97.25 95.69 98.13 96.93 95.91 92.58 93.25 98.07
P9WFT7,alphafold3_P9WFT7_model_0.pdb,alphafold3,processed/aligned_relaxed_structures/P9WFT7/alphafold3_P9WFT7_model_0.pdb,1,19.23,0.77,7.19 2.7868 -1.5233,A_203 A_204 A_205 A_226 A_228 A_257 A_259 A_271 A_272 A_273 A_276 A_278 A_280 A_322 A_323 A_324 A_325 A_326 A_329 A_344 A_345 A_347 A_349 A_351 A_379 A_382 A_384,90.39 90.53 84.46 97.17 95.28 88.21 86.11 84.77 74.81 95.43 97.8 93.96 94.22 91.09 95.12 90.15 93.68 98.14 89.05 89.9 94.89 93.15 97.54 98.3 97.21 93.23 80.82
P9WFT7,alphafold3_P9WFT7_model_0.pdb,alphafold3,processed/aligned_relaxed_structures/P9WFT7/alphafold3_P9WFT7_model_0.pdb,2,5.17,0.197,14.0968 -1.7468 -6.6777,A_115 A_118 A_317 A_321 A_329 A_331 A_333 A_344,76.27 96.61 98.19 92.03 89.05 97.24 95.85 89.9
P9WFT7,alphafold3_P9WFT7_model_1.pdb,alphafold3,processed/aligned_relaxed_structures/P9WFT7/alphafold3_P9WFT7_model_1.pdb,2,1.49,0.017,-4.4285 -14.7932 -4.5816,A_104 A_105 A_107 A_287 A_3 A_352 A_353,97.45 97.75 90.32 98.1 93.24 96.25 97.47
P9WFT7,alphafold3_P9WFT7_model_2.pdb,alphafold3,processed/aligned_relaxed_structures/P9WFT7/alphafold3_P9WFT7_model_2.pdb,2,1.2,0.009,5.2024 19.2165 0.7308,A_160 A_162 A_170 A_254 A_275 A_276 A_277,96.52 97.51 89.58 96.19 88.84 97.8 93.18
P9WFT7,chai1_P9WFT7_model_1.pdb,chai1,processed/aligned_relaxed_structures/P9WFT7/chai1_P9WFT7_model_1.pdb,2,4.02,0.131,-2.7051 -15.1159 -5.4568,A_104 A_105 A_106 A_107 A_108 A_287 A_290 A_291 A_3 A_350 A_352 A_353 A_6,96.2 96.54 93.81 93.13 75.07 97.57 98.56 65.92 89.52 97.52 96.71 97.33 93.21
P9WFT7,chai1_P9WFT7_model_2.pdb,chai1,processed/aligned_relaxed_structures/P9WFT7/chai1_P9WFT7_model_2.pdb,2,2.54,0.058,4.0927 -9.5814 7.4597,A_100 A_101 A_102 A_103 A_204 A_206 A_207 A_23 A_324 A_354 A_358,91.34 94.87 94.14 94.46 87.92 70.22 72.35 78.33 87.92 96.2 89.92
P9WFT7,chai1_P9WFT7_model_3.pdb,chai1,processed/aligned_relaxed_structures/P9WFT7/chai1_P9WFT7_model_3.pdb,2,1.67,0.023,-2.9674 -13.8684 -6.7291,A_104 A_105 A_106 A_107 A_287 A_290 A_291 A_3 A_352 A_353,96.27 96.79 93.78 93.3 97.6 98.57 66.27 89.49 96.69 97.29
P9WFT7,chai1_P9WFT7_model_4.pdb,chai1,processed/aligned_relaxed_structures/P9WFT7/chai1_P9WFT7_model_4.pdb,2,1.79,0.028,5.4628 19.0391 1.1267,A_160 A_161 A_162 A_170 A_254 A_275 A_277,94.12 98.47 98.19 91.19 96.44 95.57 87.87
P9WFT7,swissmodel_P9WFT7_model_0.pdb,swissmodel,processed/aligned_relaxed_structures/P9WFT7/swissmodel_P9WFT7_model_0.pdb,1,34.31,0.925,7.9419 0.7612 -1.9788,A_115 A_118 A_203 A_204 A_205 A_209 A_212 A_226 A_228 A_257 A_259 A_271 A_272 A_273 A_276 A_278 A_280 A_317 A_321 A_322 A_323 A_325 A_326 A_329 A_331 A_333 A_344 A_345 A_347 A_349 A_351 A_377 A_379 A_382 A_384,0.94 0.98 0.94 0.9 0.87 0.73 0.88 0.97 0.98 0.95 0.89 0.92 0.93 0.95 0.98 0.99 0.99 0.99 0.96 0.96 0.93 0.96 0.98 0.99 0.99 0.98 0.96 0.97 0.98 0.99 0.99 0.99 0.99 0.98 0.95
P9WFT7,swissmodel_P9WFT7_model_0.pdb,swissmodel,processed/aligned_relaxed_structures/P9WFT7/swissmodel_P9WFT7_model_0.pdb,2,2.6,0.061,5.6577 -7.1805 7.2889,A_100 A_101 A_201 A_204 A_206 A_207 A_208 A_324 A_358,0.94 0.94 0.94 0.9 0.83 0.79 0.72 0.93 0.97
P9WFT9,alphafold2_P9WFT9_model_0.pdb,alphafold2,processed/aligned_relaxed_structures/P9WFT9/alphafold2_P9WFT9_model_0.pdb,2,3.17,0.086,-26.8023 13.4128 16.0574,A_262 A_263 A_264 A_265 A_268 A_287 A_288 A_289 A_345 A_347 A_373 A_374 A_381,94.06 89.08 93.17 94.75 96.24 98.04 96.68 97.35 91.64 96.78 97.82 97.36 97.98
P9WFT9,alphafold3_P9WFT9_model_0.pdb,alphafold3,processed/aligned_relaxed_structures/P9WFT9/alphafold3_P9WFT9_model_0.pdb,2,2.63,0.062,-23.946 -1.4698 24.4761,A_361 A_365 A_366 A_367 A_387 A_391 A_392 A_393 A_395 A_396,97.97 95.99 97.52 95.28 98.69 98.5 88.9 98.02 97.94 94.59
P9WFT9,alphafold3_P9WFT9_model_1.pdb,alphafold3,processed/aligned_relaxed_structures/P9WFT9/alphafold3_P9WFT9_model_1.pdb,2,3.04,0.081,-26.3056 13.7728 15.9576,A_263 A_264 A_265 A_287 A_288 A_289 A_345 A_347 A_373 A_374 A_381,95.89 96.11 96.23 97.33 89.47 95.12 97.2 95.86 96.91 98.52 96.95
P9WFT9,alphafold3_P9WFT9_model_2.pdb,alphafold3,processed/aligned_relaxed_structures/P9WFT9/alphafold3_P9WFT9_model_2.pdb,2,4.8,0.175,-27.7385 13.1561 17.0686,A_262 A_263 A_264 A_265 A_268 A_286 A_287 A_288 A_289 A_345 A_346 A_347 A_373 A_374 A_381,89.41 95.86 96.19 96.21 97.59 97.55 97.32 89.34 95.17 97.3 97.13 95.98 96.9 98.51 97.03
P9WFT9,alphafold3_P9WFT9_model_3.pdb,alphafold3,processed/aligned_relaxed_structures/P9WFT9/alphafold3_P9WFT9_model_3.pdb,2,5.77,0.232,-5.8958 -1.0185 1.4667,A_200 A_211 A_221 A_222 A_236 A_317 A_422 A_425,83.13 91.61 89.8 96.78 79.63 70.38 91.82 94.97
P9WFT9,alphafold3_P9WFT9_model_4.pdb,alphafold3,processed/aligned_relaxed_structures/P9WFT9/alphafold3_P9WFT9_model_4.pdb,2,6.85,0.295,40.6689 14.1627 -14.3212,A_502 A_505 A_506 A_509 A_544 A_548 A_568 A_569 A_572,97.01 97.93 98.09 95.95 97.37 89.54 87.46 93.59 97.47
P9WFT9,chai1_P9WFT9_model_0.pdb,chai1,processed/aligned_relaxed_structures/P9WFT9/chai1_P9WFT9_model_0.pdb,2,2.77,0.068,-27.1591 13.8121 16.2099,A_263 A_264 A_265 A_268 A_287 A_288 A_289 A_345 A_347 A_373 A_374 A_381,91.68 92.56 88.57 97.77 97.05 81.88 95.38 93.39 93.47 97.1 98.08 95.73
P9WFT9,chai1_P9WFT9_model_1.pdb,chai1,processed/aligned_relaxed_structures/P9WFT9/chai1_P9WFT9_model_1.pdb,2,4.3,0.146,-25.6897 14.4396 15.1514,A_263 A_264 A_265 A_287 A_288 A_289 A_345 A_346 A_347 A_373 A_374 A_381,91.66 92.6 88.46 97.03 81.68 95.36 93.4 96.33 93.43 97.1 98.09 95.57
P9WFT9,chai1_P9WFT9_model_2.pdb,chai1,processed/aligned_relaxed_structures/P9WFT9/chai1_P9WFT9_model_2.pdb,2,2.63,0.062,41.0839 11.8115 -15.108,A_502 A_505 A_506 A_509 A_544 A_548 A_568 A_569 A_570 A_572,96.35 96.92 97.25 93.33 96.42 85.83 84.4 90.18 91.61 96.45
P9WFT9,chai1_P9WFT9_model_4.pdb,chai1,processed/aligned_relaxed_structures/P9WFT9/chai1_P9WFT9_model_4.pdb,2,3.96,0.127,-27.905 13.3376 16.7741,A_262 A_263 A_264 A_265 A_268 A_287 A_288 A_289 A_345 A_346 A_347 A_373 A_374 A_381,93.22 91.68 92.66 88.38 97.75 97.01 81.66 95.33 93.39 96.33 93.35 97.16 98.08 95.63
P9WFT9,swissmodel_P9WFT9_model_0.pdb,swissmodel,processed/aligned_relaxed_structures/P9WFT9/swissmodel_P9WFT9_model_0.pdb,1,26.26,0.872,-4.5335 -4.8401 -1.8209,A_110 A_111 A_140 A_141 A_142 A_144 A_151 A_152 A_153 A_154 A_157 A_159 A_161 A_162 A_200 A_201 A_203 A_204 A_211 A_220 A_221 A_236 A_317 A_324 A_422 A_425 A_427 A_433 A_455 A_456 A_462 A_87 A_90 A_91 A_94,0.95 0.95 0.98 0.98 0.97 0.95 0.96 0.95 0.95 0.97 0.98 0.99 0.97 0.99 0.84 0.78 0.67 0.67 0.96 0.87 0.9 0.92 0.91 0.89 0.96 0.97 0.95 0.96 0.97 0.98 0.97 0.92 0.88 0.88 0.92
P9WFT9,swissmodel_P9WFT9_model_0.pdb,swissmodel,processed/aligned_relaxed_structures/P9WFT9/swissmodel_P9WFT9_model_0.pdb,2,3.06,0.081,26.8213 6.6408 -0.5092,A_480 A_481 A_539 A_540 A_557 A_559 A_560 A_579 A_582,0.98 0.97 0.97 0.98 0.97 0.94 0.94 0.95 0.79
P9WFU1,alphafold2_P9WFU1_model_0.pdb,alphafold2,processed/aligned_relaxed_structures/P9WFU1/alphafold2_P9WFU1_model_0.pdb,1,17.41,0.726,-15.5938 23.722 26.4835,A_253 A_254 A_256 A_260 A_263 A_264 A_274 A_275 A_276 A_300 A_326 A_327 A_328 A_329 A_333 A_334 A_363 A_364 A_365 A_366,93.11 90.25 91.41 95.69 97.82 97.74 96.01 96.61 96.92 92.0 94.6 94.49 94.42 94.3 94.74 94.46 91.56 92.63 93.43 94.44
P9WFU1,alphafold2_P9WFU1_model_0.pdb,alphafold2,processed/aligned_relaxed_structures/P9WFU1/alphafold2_P9WFU1_model_0.pdb,2,9.65,0.446,-3.2685 -37.9526 -25.4046,A_543 A_544 A_563 A_594 A_629 A_677 A_680 A_694 A_695 A_696 A_697 A_719 A_721,92.63 94.87 97.07 96.22 98.23 94.94 98.03 97.32 97.72 97.91 98.56 98.61 97.81
P9WFU1,alphafold3_P9WFU1_model_0.pdb,alphafold3,processed/aligned_relaxed_structures/P9WFU1/alphafold3_P9WFU1_model_0.pdb,2,9.57,0.442,0.1031 -34.2937 -9.7173,A_536 A_543 A_544 A_563 A_564 A_594 A_629 A_677 A_680 A_694 A_695 A_696 A_697 A_719 A_721,95.15 92.04 90.45 96.2 95.67 89.11 95.48 93.75 97.43 95.23 96.6 98.51 92.42 95.46 95.58
P9WFU1,alphafold3_P9WFU1_model_0.pdb,alphafold3,processed/aligned_relaxed_structures/P9WFU1/alphafold3_P9WFU1_model_0.pdb,3,5.62,0.224,10.361 14.869 2.7999,A_172 A_173 A_175 A_185 A_33 A_34 A_35 A_467 A_476 A_477 A_480 A_481,91.7 75.45 93.97 92.9 94.65 95.16 90.87 95.68 82.44 93.61 88.93 95.71
P9WFU1,alphafold3_P9WFU1_model_1.pdb,alphafold3,processed/aligned_relaxed_structures/P9WFU1/alphafold3_P9WFU1_model_1.pdb,2,11.67,0.537,-2.8503 -26.7147 -20.9953,A_536 A_543 A_544 A_563 A_566 A_592 A_593 A_594 A_627 A_629 A_677 A_679 A_680 A_687 A_694 A_695 A_696 A_697 A_719 A_720 A_721,95.04 91.88 90.31 96.13 96.34 96.56 96.33 88.78 97.17 95.54 93.9 97.06 97.43 93.19 95.33 96.57 98.53 92.69 95.53 97.23 95.64
P9WFU1,alphafold3_P9WFU1_model_2.pdb,alphafold3,processed/aligned_relaxed_structures/P9WFU1/alphafold3_P9WFU1_model_2.pdb,2,9.02,0.415,-3.1405 -31.2204 -16.8818,A_536 A_543 A_544 A_563 A_594 A_627 A_629 A_677 A_679 A_680 A_694 A_695 A_696 A_697 A_719 A_720 A_721 A_724,95.14 92.24 90.78 96.2 89.38 97.21 95.62 94.01 97.12 97.46 95.49 96.61 98.53 92.69 95.59 97.24 95.67 97.19
P9WFU1,alphafold3_P9WFU1_model_4.pdb,alphafold3,processed/aligned_relaxed_structures/P9WFU1/alphafold3_P9WFU1_model_4.pdb,2,11.71,0.538,-6.2685 -24.2474 -21.1798,A_543 A_544 A_563 A_566 A_594 A_629 A_677 A_679 A_680 A_687 A_694 A_695 A_696 A_697 A_719 A_721,91.84 90.32 96.15 96.34 89.12 95.51 93.77 96.99 97.38 92.99 95.31 96.59 98.53 92.63 95.52 95.48
P9WFU1,alphafold3_P9WFU1_model_4.pdb,alphafold3,processed/aligned_relaxed_structures/P9WFU1/alphafold3_P9WFU1_model_4.pdb,3,6.46,0.274,0.6729 -39.6873 -28.1078,A_652 A_656 A_674 A_682 A_683 A_684 A_685 A_686 A_752 A_754 A_756 A_776 A_779 A_781 A_790 A_792,97.79 95.73 89.45 94.49 95.52 76.15 97.41 97.37 93.78 86.79 93.86 92.41 93.4 85.19 90.3 93.07
P9WFU1,chai1_P9WFU1_model_0.pdb,chai1,processed/aligned_relaxed_structures/P9WFU1/chai1_P9WFU1_model_0.pdb,2,9.8,0.453,4.5208 -23.1024 -5.853,A_543 A_544 A_563 A_564 A_566 A_594 A_629 A_677 A_680 A_687 A_694 A_695 A_696 A_697 A_719 A_721,87.95 94.39 96.31 94.85 95.11 85.08 92.86 94.81 97.31 90.71 94.58 95.7 98.45 85.81 89.85 94.64
P9WFU1,chai1_P9WFU1_model_3.pdb,chai1,processed/aligned_relaxed_structures/P9WFU1/chai1_P9WFU1_model_3.pdb,3,7.0,0.303,-0.7503 -33.9853 -23.6859,A_656 A_672 A_673 A_674 A_682 A_683 A_684 A_685 A_686 A_752 A_755 A_756 A_779 A_790 A_792,95.6 88.38 67.59 91.52 82.87 88.67 65.09 95.03 96.72 92.55 88.68 91.03 91.29 88.77 95.14
P9WFU1,swissmodel_P9WFU1_model_0.pdb,swissmodel,processed/aligned_relaxed_structures/P9WFU1/swissmodel_P9WFU1_model_0.pdb,1,16.38,0.699,-12.7841 12.7477 20.1684,B_253 B_254 B_256 B_260 B_263 B_264 B_273 B_274 B_275 B_276 B_277 B_300 B_327 B_328 B_329 B_332 B_333 B_334 B_364 B_365 B_366,0.91 0.82 0.83 0.91 0.96 0.94 0.99 0.95 0.93 0.96 0.92 0.91 0.94 0.96 0.96 0.96 0.91 0.93 0.93 0.92 0.96
P9WFU1,swissmodel_P9WFU1_model_0.pdb,swissmodel,processed/aligned_relaxed_structures/P9WFU1/swissmodel_P9WFU1_model_0.pdb,2,11.13,0.514,-6.474 -20.0989 -16.5616,B_536 B_543 B_544 B_563 B_564 B_566 B_594 B_625 B_629 B_677 B_679 B_680 B_694 B_695 B_696 B_697 B_719 B_721,0.95 0.93 0.92 1.0 1.0 0.98 0.95 0.89 0.95 0.95 0.99 0.96 0.95 0.97 0.98 0.95 0.94 0.95
P9WFU1,swissmodel_P9WFU1_model_0.pdb,swissmodel,processed/aligned_relaxed_structures/P9WFU1/swissmodel_P9WFU1_model_0.pdb,3,5.36,0.208,-19.3393 25.4202 10.1751,B_137 B_138 B_140 B_141 B_142 B_239 B_245 B_249 B_255 B_256 B_89,0.78 0.9 0.98 0.98 0.98 0.93 0.9 0.92 0.9 0.83 0.94
P9WFU3,alphafold2_P9WFU3_model_0.pdb,alphafold2,processed/aligned_relaxed_structures/P9WFU3/alphafold2_P9WFU3_model_0.pdb,1,34.45,0.926,-25.3927 11.2017 5.2444,A_148 A_152 A_154 A_159 A_160 A_174 A_175 A_177 A_180 A_201 A_203 A_208 A_209 A_210 A_213 A_215 A_217 A_253 A_254 A_255 A_256 A_257 A_258 A_263 A_280 A_281 A_282 A_283 A_305 A_306 A_307 A_308 A_309 A_311 A_312 A_323,96.11 91.41 89.09 89.65 93.96 97.2 97.2 98.04 98.12 95.37 91.01 87.41 90.71 92.57 95.85 97.47 98.64 96.15 95.25 95.94 96.39 97.31 98.1 97.72 95.2 96.15 97.55 98.42 98.66 98.62 97.96 96.61 95.81 94.67 91.27 92.65
P9WFU3,alphafold2_P9WFU3_model_0.pdb,alphafold2,processed/aligned_relaxed_structures/P9WFU3/alphafold2_P9WFU3_model_0.pdb,2,4.22,0.142,-10.1342 4.6561 6.1146,A_110 A_112 A_113 A_198 A_210 A_212 A_214 A_311 A_326 A_327,94.77 95.19 94.58 97.64 92.57 94.9 97.71 94.67 93.51 92.18
P9WFU3,alphafold3_P9WFU3_model_0.pdb,alphafold3,processed/aligned_relaxed_structures/P9WFU3/alphafold3_P9WFU3_model_0.pdb,2,4.15,0.138,-14.135 3.4224 2.7577,A_110 A_113 A_198 A_212 A_214 A_311 A_326 A_327,91.4 84.32 83.01 90.4 93.62 94.04 88.73 89.8
P9WFU3,alphafold3_P9WFU3_model_1.pdb,alphafold3,processed/aligned_relaxed_structures/P9WFU3/alphafold3_P9WFU3_model_1.pdb,2,3.74,0.116,-6.8574 10.3085 1.9492,A_111 A_114 A_115 A_118 A_314 A_317 A_318 A_337 A_340,95.4 82.56 95.85 80.78 92.29 70.78 84.53 88.35 70.62
P9WFU3,alphafold3_P9WFU3_model_2.pdb,alphafold3,processed/aligned_relaxed_structures/P9WFU3/alphafold3_P9WFU3_model_2.pdb,2,6.9,0.298,-13.0693 3.3489 4.9667,A_110 A_112 A_113 A_116 A_196 A_197 A_198 A_212 A_214 A_311 A_326 A_327,91.52 92.49 84.49 97.9 95.92 97.9 82.79 90.27 93.76 94.08 88.59 89.6
P9WFU3,alphafold3_P9WFU3_model_3.pdb,alphafold3,processed/aligned_relaxed_structures/P9WFU3/alphafold3_P9WFU3_model_3.pdb,2,4.2,0.141,-11.7079 3.148 7.3217,A_110 A_112 A_113 A_198 A_212 A_214 A_311 A_326 A_327,91.36 92.4 84.24 82.64 90.1 93.56 93.85 88.23 89.64
P9WFU3,alphafold3_P9WFU3_model_4.pdb,alphafold3,processed/aligned_relaxed_structures/P9WFU3/alphafold3_P9WFU3_model_4.pdb,2,6.02,0.246,-17.0436 1.3106 3.5286,A_110 A_112 A_113 A_198 A_212 A_214 A_311 A_326 A_327,90.44 92.21 84.17 82.25 89.66 93.17 93.88 87.98 89.21
P9WFU3,swissmodel_P9WFU3_model_0.pdb,swissmodel,processed/aligned_relaxed_structures/P9WFU3/swissmodel_P9WFU3_model_0.pdb,1,38.4,0.942,-23.455 9.5778 4.066,D_148 D_154 D_158 D_159 D_174 D_175 D_177 D_201 D_203 D_208 D_209 D_210 D_213 D_215 D_217 D_253 D_254 D_255 D_256 D_257 D_258 D_263 D_279 D_280 D_281 D_282 D_283 D_305 D_306 D_307 D_309 D_311 D_312,0.96 0.89 0.88 0.91 0.98 0.97 1.0 0.9 0.94 0.94 0.91 0.96 0.97 0.97 0.97 0.94 0.93 0.95 0.99 0.98 1.0 0.94 0.92 0.94 1.0 1.0 1.0 1.0 0.98 1.0 1.0 0.95 0.89
P9WFU3,swissmodel_P9WFU3_model_0.pdb,swissmodel,processed/aligned_relaxed_structures/P9WFU3/swissmodel_P9WFU3_model_0.pdb,2,2.68,0.064,-6.6578 8.0053 9.4316,D_110 D_113 D_198 D_212 D_214 D_311 D_326 D_327,0.96 0.99 0.94 0.97 0.97 0.95 0.92 0.95
P9WFU5,alphafold2_P9WFU5_model_0.pdb,alphafold2,processed/aligned_relaxed_structures/P9WFU5/alphafold2_P9WFU5_model_0.pdb,1,44.14,0.956,-4.7003 12.2629 1.4359,A_10 A_11 A_12 A_128 A_129 A_14 A_15 A_16 A_18 A_20 A_21 A_228 A_23 A_231 A_235 A_24 A_261 A_263 A_264 A_268 A_290 A_291 A_292 A_293 A_294 A_299 A_300 A_301 A_54 A_77 A_9,96.15 93.87 92.01 80.99 81.55 89.02 87.46 89.94 93.47 92.96 95.21 94.56 96.18 97.2 98.84 97.33 95.42 91.89 94.09 98.39 96.26 94.18 93.27 92.83 92.04 86.58 87.64 85.06 84.31 98.39 96.63
P9WFU5,alphafold2_P9WFU5_model_0.pdb,alphafold2,processed/aligned_relaxed_structures/P9WFU5/alphafold2_P9WFU5_model_0.pdb,2,10.33,0.479,6.2003 23.9443 6.2113,A_129 A_131 A_132 A_137 A_149 A_150 A_196 A_200 A_202 A_203 A_204 A_263 A_266 A_267 A_271,81.55 81.28 81.4 85.73 83.39 84.01 95.93 94.56 92.47 94.63 93.17 91.89 94.95 96.38 98.35
P9WFU5,alphafold3_P9WFU5_model_2.pdb,alphafold3,processed/aligned_relaxed_structures/P9WFU5/alphafold3_P9WFU5_model_2.pdb,1,17.36,0.725,-4.2289 11.3838 -0.4253,A_10 A_11 A_12 A_15 A_16 A_18 A_20 A_21 A_23 A_24 A_25 A_261 A_263 A_264 A_290 A_291 A_292 A_9,95.36 95.51 67.15 84.42 87.86 85.37 92.7 90.82 96.23 96.45 96.62 95.66 83.94 92.64 96.68 94.98 86.46 97.88
P9WFU5,alphafold3_P9WFU5_model_3.pdb,alphafold3,processed/aligned_relaxed_structures/P9WFU5/alphafold3_P9WFU5_model_3.pdb,2,2.92,0.075,5.0167 22.5201 28.5686,A_107 A_111 A_116 A_162 A_218 A_219 A_220,98.31 94.93 98.14 96.2 96.3 79.82 86.0
P9WFU5,swissmodel_P9WFU5_model_0.pdb,swissmodel,processed/aligned_relaxed_structures/P9WFU5/swissmodel_P9WFU5_model_0.pdb,2,4.57,0.162,6.2027 25.1824 7.59,A_121 A_131 A_132 A_137 A_166 A_196 A_202 A_203 A_204 A_205 A_266 A_267 A_271,0.91 0.85 0.92 0.88 0.95 0.91 0.89 0.9 0.91 0.93 0.87 0.95 0.96
P9WFU9,alphafold2_P9WFU9_model_0.pdb,alphafold2,processed/aligned_relaxed_structures/P9WFU9/alphafold2_P9WFU9_model_0.pdb,1,48.49,0.965,6.9492 -0.428 -15.1373,A_211 A_212 A_213 A_233 A_235 A_257 A_259 A_260 A_264 A_265 A_266 A_269 A_271 A_273 A_359 A_366 A_370 A_373 A_374 A_376 A_377 A_393 A_397 A_398 A_399 A_400 A_401 A_413 A_415 A_417 A_422 A_423 A_425 A_427 A_443 A_453 A_455 A_475 A_476 A_478 A_480 A_481 A_491,94.07 93.66 91.41 98.24 98.65 97.25 89.6 84.57 84.01 87.93 92.49 97.25 98.49 98.87 70.27 67.81 89.05 94.09 91.59 96.4 92.75 98.38 92.28 94.94 95.45 97.7 98.43 98.74 98.56 97.61 94.21 97.03 98.64 98.53 91.52 86.9 91.37 98.86 98.46 97.45 96.32 95.58 91.24
P9WFU9,alphafold3_P9WFU9_model_0.pdb,alphafold3,processed/aligned_relaxed_structures/P9WFU9/alphafold3_P9WFU9_model_0.pdb,2,1.8,0.028,-2.8047 -2.6279 0.2425,A_181 A_182 A_185 A_252 A_253 A_254 A_270 A_480 A_495,88.26 93.72 97.64 93.78 81.85 81.72 94.06 92.62 92.28
P9WFU9,alphafold3_P9WFU9_model_1.pdb,alphafold3,processed/aligned_relaxed_structures/P9WFU9/alphafold3_P9WFU9_model_1.pdb,1,43.8,0.955,6.998 -0.0992 -16.1865,A_211 A_212 A_213 A_233 A_235 A_257 A_259 A_264 A_265 A_266 A_269 A_271 A_273 A_373 A_374 A_376 A_377 A_393 A_397 A_398 A_399 A_400 A_401 A_413 A_415 A_417 A_422 A_423 A_425 A_427 A_455 A_475 A_476 A_477 A_478 A_480 A_481,77.16 80.01 82.82 94.54 88.59 87.66 77.55 83.28 78.64 87.59 94.64 79.36 90.79 82.09 71.38 93.06 70.14 93.42 84.69 78.73 85.67 87.6 83.66 87.67 92.93 92.38 80.86 94.71 92.25 87.38 67.09 89.3 97.4 93.09 96.97 92.05 80.28
P9WFU9,alphafold3_P9WFU9_model_1.pdb,alphafold3,processed/aligned_relaxed_structures/P9WFU9/alphafold3_P9WFU9_model_1.pdb,2,2.54,0.058,-1.6548 -3.4198 0.9003,A_181 A_182 A_185 A_252 A_253 A_254 A_269 A_270 A_495 A_496,87.8 93.12 97.4 93.32 81.12 81.02 94.64 93.41 91.52 89.34
P9WFU9,chai1_P9WFU9_model_1.pdb,chai1,processed/aligned_relaxed_structures/P9WFU9/chai1_P9WFU9_model_1.pdb,2,3.47,0.101,-0.7141 -2.6451 1.1857,A_181 A_182 A_185 A_254 A_268 A_269 A_270 A_495 A_497,93.14 96.46 97.66 82.33 89.93 95.24 93.57 93.16 94.53
P9WFU9,swissmodel_P9WFU9_model_0.pdb,swissmodel,processed/aligned_relaxed_structures/P9WFU9/swissmodel_P9WFU9_model_0.pdb,1,32.39,0.916,6.2857 -1.7533 -15.5717,A_206 A_208 A_209 A_210 A_211 A_212 A_213 A_214 A_233 A_235 A_236 A_257 A_259 A_265 A_269 A_271 A_273 A_373 A_376 A_377 A_393 A_397 A_398 A_399 A_400 A_413 A_415 A_417 A_422 A_423 A_425 A_427 A_440 A_443 A_456 A_457 A_458 A_476 A_477 A_478 A_480 A_481,0.89 0.9 0.94 0.95 0.96 0.95 0.88 0.9 1.0 0.95 0.96 0.85 0.82 0.67 0.93 0.95 0.96 0.88 0.92 0.89 0.98 0.89 0.96 0.96 0.97 0.97 0.97 0.95 0.87 0.94 0.98 0.97 0.87 0.67 0.7 0.8 0.93 1.0 0.96 0.98 0.94 0.87
P9WFU9,swissmodel_P9WFU9_model_0.pdb,swissmodel,processed/aligned_relaxed_structures/P9WFU9/swissmodel_P9WFU9_model_0.pdb,2,1.26,0.011,-17.8269 10.9128 40.3659,A_124 A_125 A_126 A_134 A_55 A_77 A_79 A_93 A_95 A_97,0.93 0.92 0.91 0.95 0.88 0.91 0.93 0.94 0.93 0.89
P9WFV1,alphafold2_P9WFV1_model_0.pdb,alphafold2,processed/aligned_relaxed_structures/P9WFV1/alphafold2_P9WFV1_model_0.pdb,1,20.92,0.801,-0.4875 8.6492 -5.3878,A_145 A_656 A_657 A_658 A_659 A_660 A_661 A_665 A_694 A_695 A_696 A_739 A_740 A_741 A_742 A_743 A_747 A_75 A_76 A_77 A_78 A_79 A_81 A_84 A_85 A_86 A_88 A_89 A_92 A_93,91.29 96.76 93.05 87.44 84.3 78.35 78.7 88.6 94.17 92.08 91.02 86.32 88.5 84.23 79.04 78.06 86.38 94.39 91.21 83.98 88.39 86.29 70.63 81.9 88.95 89.95 90.5 89.84 94.91 96.4
P9WFV1,alphafold2_P9WFV1_model_0.pdb,alphafold2,processed/aligned_relaxed_structures/P9WFV1/alphafold2_P9WFV1_model_0.pdb,2,13.26,0.597,-5.2786 3.373 2.5652,A_117 A_251 A_253 A_254 A_262 A_607 A_608 A_611 A_614 A_655 A_664 A_665 A_666 A_668 A_669 A_688 A_76 A_77 A_78 A_79,92.45 79.8 79.12 78.7 73.88 84.63 87.47 92.73 96.14 97.77 84.51 88.6 94.07 92.92 96.62 98.09 91.21 83.98 88.39 86.29
P9WFV1,alphafold2_P9WFV1_model_0.pdb,alphafold2,processed/aligned_relaxed_structures/P9WFV1/alphafold2_P9WFV1_model_0.pdb,3,6.74,0.289,-12.9176 8.2341 -16.7563,A_114 A_146 A_149 A_150 A_154 A_156 A_158 A_161 A_40 A_41 A_43 A_44 A_49,94.4 91.78 91.72 92.01 95.87 96.49 93.91 94.91 96.88 96.61 97.25 95.24 97.28
P9WFV1,alphafold2_P9WFV1_model_0.pdb,alphafold2,processed/aligned_relaxed_structures/P9WFV1/alphafold2_P9WFV1_model_0.pdb,4,5.56,0.22,-17.2892 2.5276 23.054,A_235 A_273 A_274 A_275 A_276 A_536 A_540 A_574 A_576 A_600 A_601 A_602 A_603,92.27 83.17 85.6 89.2 93.3 95.93 90.52 81.82 85.32 97.08 95.16 93.63 93.04
P9WFV1,alphafold3_P9WFV1_model_0.pdb,alphafold3,processed/aligned_relaxed_structures/P9WFV1/alphafold3_P9WFV1_model_0.pdb,2,6.84,0.295,-12.3016 9.1184 -15.9095,A_114 A_146 A_149 A_150 A_153 A_154 A_156 A_157 A_158 A_161 A_40 A_43 A_44 A_49,92.07 82.67 94.46 97.26 97.74 96.72 92.23 97.36 90.86 95.31 92.03 97.55 97.68 97.57
P9WFV1,alphafold3_P9WFV1_model_1.pdb,alphafold3,processed/aligned_relaxed_structures/P9WFV1/alphafold3_P9WFV1_model_1.pdb,4,5.74,0.23,-12.2424 7.8995 -15.2601,A_114 A_146 A_149 A_150 A_153 A_154 A_156 A_158 A_161 A_40 A_43 A_44 A_49,91.83 82.01 94.44 97.2 97.71 96.6 92.26 90.9 95.14 91.88 97.55 97.64 97.55
P9WFV1,alphafold3_P9WFV1_model_2.pdb,alphafold3,processed/aligned_relaxed_structures/P9WFV1/alphafold3_P9WFV1_model_2.pdb,3,7.88,0.352,-12.2299 8.4062 -16.0897,A_114 A_116 A_146 A_149 A_150 A_153 A_154 A_156 A_158 A_161 A_40 A_43 A_44 A_49 A_50,91.88 96.67 82.21 94.18 97.18 97.73 96.5 92.08 90.39 95.16 91.84 97.45 97.52 97.5 94.09
P9WFV1,alphafold3_P9WFV1_model_3.pdb,alphafold3,processed/aligned_relaxed_structures/P9WFV1/alphafold3_P9WFV1_model_3.pdb,2,6.71,0.287,-11.7152 8.0582 -14.9677,A_114 A_146 A_149 A_150 A_153 A_154 A_156 A_157 A_158 A_161 A_40 A_43 A_44 A_49,91.9 82.18 94.35 97.31 97.71 96.61 92.3 97.27 90.72 95.21 91.88 97.52 97.58 97.45
P9WFV1,alphafold3_P9WFV1_model_4.pdb,alphafold3,processed/aligned_relaxed_structures/P9WFV1/alphafold3_P9WFV1_model_4.pdb,4,6.79,0.292,-12.6122 8.7579 -16.4108,A_114 A_146 A_149 A_150 A_153 A_154 A_156 A_158 A_161 A_40 A_43 A_44 A_48 A_49,91.97 82.1 94.48 97.32 97.75 96.75 92.43 90.92 95.29 92.02 97.58 97.67 97.15 97.58
P9WFV1,chai1_P9WFV1_model_0.pdb,chai1,processed/aligned_relaxed_structures/P9WFV1/chai1_P9WFV1_model_0.pdb,3,7.94,0.356,-13.4866 8.0079 -16.4955,A_114 A_146 A_149 A_150 A_154 A_156 A_157 A_158 A_161 A_40 A_43 A_44 A_49,92.04 76.75 90.0 93.36 96.5 88.2 96.21 89.81 95.31 88.73 96.75 95.49 97.19
P9WFV1,chai1_P9WFV1_model_1.pdb,chai1,processed/aligned_relaxed_structures/P9WFV1/chai1_P9WFV1_model_1.pdb,3,6.56,0.279,-12.1973 7.8503 -16.2557,A_113 A_114 A_146 A_149 A_150 A_154 A_156 A_157 A_158 A_161 A_40 A_43 A_44 A_49,97.29 91.99 76.86 89.97 93.77 96.43 88.2 96.15 89.49 95.31 88.86 96.52 95.48 97.21
P9WFV1,chai1_P9WFV1_model_2.pdb,chai1,processed/aligned_relaxed_structures/P9WFV1/chai1_P9WFV1_model_2.pdb,2,6.46,0.273,-13.021 8.0894 -15.2106,A_114 A_146 A_149 A_150 A_153 A_154 A_156 A_158 A_161 A_40 A_43 A_44,92.06 76.62 90.03 93.31 97.31 96.4 88.09 89.77 95.29 88.74 96.74 95.54
P9WFV1,chai1_P9WFV1_model_3.pdb,chai1,processed/aligned_relaxed_structures/P9WFV1/chai1_P9WFV1_model_3.pdb,3,6.06,0.248,-12.8987 7.8491 -16.2376,A_114 A_116 A_146 A_149 A_150 A_153 A_154 A_156 A_157 A_158 A_161 A_40 A_43 A_44 A_49,91.84 95.84 76.88 90.03 93.3 97.3 96.43 88.11 96.19 89.7 95.17 88.59 96.73 95.47 97.19
P9WFV1,chai1_P9WFV1_model_4.pdb,chai1,processed/aligned_relaxed_structures/P9WFV1/chai1_P9WFV1_model_4.pdb,2,9.15,0.42,-12.3867 7.9537 -15.5624,A_114 A_146 A_149 A_150 A_154 A_156 A_158 A_161 A_40 A_43 A_44 A_49,92.07 76.84 89.91 93.72 96.6 87.99 89.83 95.3 88.85 96.75 95.44 97.18
P9WFV1,swissmodel_P9WFV1_model_0.pdb,swissmodel,processed/aligned_relaxed_structures/P9WFV1/swissmodel_P9WFV1_model_0.pdb,1,28.51,0.89,-3.824 7.8513 -1.274,A_117 A_145 A_253 A_254 A_262 A_607 A_608 A_611 A_656 A_658 A_660 A_661 A_664 A_665 A_694 A_696 A_697 A_739 A_740 A_741 A_742 A_743 A_76 A_77 A_78 A_79 A_81 A_82 A_83 A_84 A_85 A_86 A_88 A_89 A_92 A_93,0.92 0.91 0.79 0.79 0.74 0.85 0.87 0.93 0.97 0.87 0.78 0.79 0.85 0.89 0.94 0.91 0.92 0.86 0.89 0.84 0.79 0.78 0.91 0.84 0.88 0.86 0.71 0.68 0.71 0.82 0.89 0.9 0.91 0.9 0.95 0.96
P9WFV1,swissmodel_P9WFV1_model_0.pdb,swissmodel,processed/aligned_relaxed_structures/P9WFV1/swissmodel_P9WFV1_model_0.pdb,2,14.05,0.625,13.9514 -9.994 22.3491,A_311 A_335 A_336 A_337 A_338 A_341 A_400 A_401 A_430 A_432 A_435 A_436 A_439 A_440 A_441 A_443 A_446 A_447 A_449 A_450 A_514 A_515 A_516,0.89 0.92 0.93 0.91 0.94 0.97 0.67 0.67 0.85 0.79 0.66 0.73 0.94 0.94 0.96 0.97 0.97 0.94 0.9 0.94 0.86 0.87 0.84
P9WFV1,swissmodel_P9WFV1_model_0.pdb,swissmodel,processed/aligned_relaxed_structures/P9WFV1/swissmodel_P9WFV1_model_0.pdb,3,7.2,0.314,-13.1087 7.4551 -16.3205,A_114 A_116 A_146 A_149 A_150 A_154 A_156 A_158 A_161 A_40 A_43 A_44 A_49 A_50,0.94 0.94 0.92 0.92 0.92 0.96 0.96 0.94 0.95 0.97 0.97 0.95 0.97 0.97
P9WFV1,swissmodel_P9WFV1_model_0.pdb,swissmodel,processed/aligned_relaxed_structures/P9WFV1/swissmodel_P9WFV1_model_0.pdb,5,5.52,0.218,-18.4177 3.6119 22.9683,A_235 A_273 A_274 A_275 A_276 A_525 A_536 A_574 A_576 A_600 A_601 A_602 A_603,0.92 0.83 0.86 0.89 0.93 0.88 0.96 0.82 0.85 0.97 0.95 0.94 0.93
P9WFV1,swissmodel_P9WFV1_model_1.pdb,swissmodel,processed/aligned_relaxed_structures/P9WFV1/swissmodel_P9WFV1_model_1.pdb,6,6.28,0.262,-13.0282 9.9002 -15.6385,A_114 A_146 A_149 A_150 A_153 A_154 A_156 A_158 A_161 A_40 A_43 A_44 A_49,0.84 0.73 0.81 0.83 0.85 0.84 0.81 0.78 0.78 0.75 0.71 0.78 0.75
P9WFV3,alphafold2_P9WFV3_model_0.pdb,alphafold2,processed/aligned_relaxed_structures/P9WFV3/alphafold2_P9WFV3_model_0.pdb,1,40.86,0.948,8.8382 0.9203 0.5437,A_136 A_140 A_143 A_145 A_201 A_202 A_205 A_415 A_416 A_50 A_51 A_52 A_53 A_54 A_546 A_549 A_56 A_57 A_578 A_579 A_58 A_581 A_582 A_586 A_60 A_609 A_611 A_612 A_619 A_62 A_620 A_63 A_66 A_67 A_70 A_88 A_91,89.11 94.51 95.45 97.45 68.85 69.38 81.42 78.48 77.46 92.92 90.84 90.61 89.16 81.0 94.02 95.25 73.88 74.82 94.49 90.45 74.95 86.94 92.8 95.19 76.66 93.33 86.15 86.28 72.03 81.53 75.74 87.52 94.3 95.7 97.59 94.99 93.13
P9WFV3,alphafold2_P9WFV3_model_0.pdb,alphafold2,processed/aligned_relaxed_structures/P9WFV3/alphafold2_P9WFV3_model_0.pdb,2,18.95,0.764,20.3445 7.9847 29.2022,A_199 A_200 A_206 A_211 A_237 A_238 A_239 A_240 A_242 A_243 A_323 A_325 A_328 A_329 A_330 A_331 A_332 A_333 A_334 A_336 A_339 A_340 A_341 A_342 A_343 A_377 A_409 A_410 A_411 A_412 A_423,82.31 76.31 86.69 93.96 97.28 96.64 95.48 96.08 97.27 97.58 92.29 94.46 91.65 94.26 97.49 97.09 98.19 97.79 97.59 97.47 96.35 93.09 90.5 92.82 95.36 95.99 91.19 90.82 91.62 92.08 94.81
P9WFV3,alphafold2_P9WFV3_model_0.pdb,alphafold2,processed/aligned_relaxed_structures/P9WFV3/alphafold2_P9WFV3_model_0.pdb,3,7.18,0.313,5.5497 -2.8732 -20.586,A_137 A_141 A_144 A_145 A_146 A_147 A_148 A_149 A_150 A_24 A_27 A_28 A_31 A_33 A_34,91.81 95.07 97.22 97.45 97.58 96.56 95.52 92.72 91.56 98.23 98.34 96.38 96.99 97.9 97.19
P9WFV3,alphafold3_P9WFV3_model_0.pdb,alphafold3,processed/aligned_relaxed_structures/P9WFV3/alphafold3_P9WFV3_model_0.pdb,2,17.88,0.738,19.7384 8.5457 30.4529,A_237 A_238 A_239 A_240 A_242 A_243 A_323 A_325 A_328 A_329 A_330 A_331 A_332 A_333 A_334 A_336 A_339 A_340 A_341 A_342 A_343 A_407 A_409 A_410 A_411 A_412 A_421 A_422 A_423,91.72 93.71 92.72 93.39 95.58 95.04 94.78 93.6 80.48 93.7 95.01 97.04 96.61 95.45 91.61 96.67 94.51 95.65 72.98 88.31 94.13 84.62 84.26 85.52 85.59 89.16 88.94 91.22 89.11
P9WFV3,alphafold3_P9WFV3_model_0.pdb,alphafold3,processed/aligned_relaxed_structures/P9WFV3/alphafold3_P9WFV3_model_0.pdb,3,5.91,0.24,5.3051 -3.7363 -21.0327,A_137 A_140 A_141 A_145 A_146 A_147 A_148 A_149 A_150 A_24 A_27 A_28 A_31 A_33 A_34,81.31 96.44 94.84 88.61 97.41 95.45 92.65 95.5 89.37 97.25 97.84 90.97 92.44 96.9 66.87
P9WFV3,alphafold3_P9WFV3_model_1.pdb,alphafold3,processed/aligned_relaxed_structures/P9WFV3/alphafold3_P9WFV3_model_1.pdb,2,19.03,0.766,20.4389 8.3815 30.1759,A_237 A_238 A_239 A_240 A_242 A_323 A_325 A_328 A_329 A_330 A_331 A_332 A_333 A_334 A_336 A_339 A_340 A_342 A_343 A_409 A_410 A_411 A_412 A_421 A_422 A_423,91.58 93.63 92.43 93.25 95.44 94.83 93.64 80.57 93.8 95.01 96.94 96.53 95.28 91.34 96.64 94.45 95.52 88.15 94.13 83.51 84.65 84.41 87.77 88.65 91.22 88.73
P9WFV3,alphafold3_P9WFV3_model_2.pdb,alphafold3,processed/aligned_relaxed_structures/P9WFV3/alphafold3_P9WFV3_model_2.pdb,2,16.49,0.702,20.0176 7.7358 28.0134,A_211 A_237 A_238 A_239 A_240 A_242 A_243 A_323 A_325 A_328 A_333 A_334 A_339 A_340 A_341 A_342 A_343 A_409 A_410 A_411 A_412 A_421 A_422 A_423,88.07 91.61 93.58 92.44 93.23 95.43 94.99 94.46 93.49 80.47 95.34 91.04 94.62 95.55 72.87 88.34 94.23 83.78 84.98 84.37 88.1 88.91 91.72 88.9
P9WFV3,alphafold3_P9WFV3_model_2.pdb,alphafold3,processed/aligned_relaxed_structures/P9WFV3/alphafold3_P9WFV3_model_2.pdb,4,6.0,0.245,6.018 -2.0898 -21.4026,A_137 A_140 A_141 A_145 A_146 A_147 A_148 A_149 A_150 A_24 A_27 A_28 A_31 A_33,81.3 96.4 94.98 88.49 97.36 95.39 92.38 95.33 88.99 97.28 97.9 91.06 92.5 96.97
P9WFV3,alphafold3_P9WFV3_model_3.pdb,alphafold3,processed/aligned_relaxed_structures/P9WFV3/alphafold3_P9WFV3_model_3.pdb,3,6.11,0.252,5.9087 -1.9922 -22.2401,A_140 A_141 A_144 A_145 A_146 A_147 A_148 A_149 A_150 A_24 A_27 A_28 A_31 A_33 A_34,96.31 94.67 97.64 87.74 97.28 95.1 92.17 95.29 89.01 97.2 97.84 90.79 92.43 96.78 66.8
P9WFV3,alphafold3_P9WFV3_model_4.pdb,alphafold3,processed/aligned_relaxed_structures/P9WFV3/alphafold3_P9WFV3_model_4.pdb,2,20.01,0.786,19.7108 7.9697 29.3706,A_237 A_238 A_239 A_240 A_242 A_243 A_323 A_325 A_328 A_329 A_330 A_331 A_332 A_333 A_334 A_339 A_340 A_341 A_342 A_343 A_377 A_409 A_410 A_411 A_412 A_421 A_422 A_423,91.52 93.72 92.54 93.24 95.5 95.16 94.81 93.56 80.17 93.6 95.09 97.04 96.57 95.36 91.74 94.52 95.52 72.24 88.22 94.38 91.26 83.45 84.61 84.52 88.18 88.32 91.31 88.95
P9WFV3,alphafold3_P9WFV3_model_4.pdb,alphafold3,processed/aligned_relaxed_structures/P9WFV3/alphafold3_P9WFV3_model_4.pdb,3,5.86,0.237,6.2851 -2.0697 -21.125,A_140 A_141 A_144 A_145 A_146 A_147 A_149 A_150 A_24 A_27 A_28 A_31 A_33,96.39 94.78 97.84 88.27 97.36 95.38 95.41 89.0 97.23 97.87 91.04 92.48 96.89
P9WFV3,chai1_P9WFV3_model_1.pdb,chai1,processed/aligned_relaxed_structures/P9WFV3/chai1_P9WFV3_model_1.pdb,2,16.87,0.712,19.8795 7.171 27.8552,A_237 A_238 A_239 A_240 A_242 A_243 A_323 A_333 A_334 A_336 A_339 A_340 A_341 A_342 A_343 A_409 A_410 A_411 A_412 A_422 A_423,85.7 94.69 90.39 90.49 96.58 96.78 91.32 94.25 89.07 98.17 95.77 96.7 69.23 87.44 94.5 85.94 89.17 92.63 93.23 95.45 88.64
P9WFV3,chai1_P9WFV3_model_1.pdb,chai1,processed/aligned_relaxed_structures/P9WFV3/chai1_P9WFV3_model_1.pdb,3,5.29,0.204,5.8305 -1.3557 -20.7789,A_137 A_141 A_145 A_146 A_147 A_149 A_150 A_24 A_27 A_28 A_31 A_33,87.16 96.27 89.85 98.02 96.88 90.91 86.09 97.78 98.48 93.28 86.28 97.36
P9WFV3,chai1_P9WFV3_model_2.pdb,chai1,processed/aligned_relaxed_structures/P9WFV3/chai1_P9WFV3_model_2.pdb,2,15.96,0.687,19.9287 8.0935 28.101,A_196 A_199 A_206 A_237 A_238 A_239 A_240 A_242 A_243 A_323 A_328 A_333 A_334 A_336 A_339 A_340 A_342 A_343 A_409 A_410 A_411 A_412 A_422 A_423,70.44 78.52 87.22 85.99 94.68 90.16 90.48 96.57 96.76 91.34 71.25 94.05 89.16 98.16 95.77 96.72 87.41 94.23 85.76 89.21 92.68 93.22 95.47 88.63
P9WFV3,chai1_P9WFV3_model_2.pdb,chai1,processed/aligned_relaxed_structures/P9WFV3/chai1_P9WFV3_model_2.pdb,3,9.42,0.434,22.9942 -0.2732 25.4212,A_209 A_211 A_212 A_239 A_240 A_242 A_377 A_380 A_411 A_420 A_422,73.93 85.93 91.46 90.16 90.48 96.57 94.23 93.78 92.68 93.27 95.47
P9WFV3,chai1_P9WFV3_model_3.pdb,chai1,processed/aligned_relaxed_structures/P9WFV3/chai1_P9WFV3_model_3.pdb,2,24.56,0.856,19.0209 6.0715 28.3051,A_209 A_211 A_212 A_237 A_238 A_239 A_240 A_242 A_243 A_323 A_325 A_328 A_331 A_333 A_334 A_336 A_339 A_340 A_341 A_342 A_343 A_377 A_380 A_407 A_409 A_410 A_411 A_412 A_422 A_423,74.82 85.88 91.47 86.19 94.72 90.08 90.48 96.57 96.78 91.19 89.93 71.08 97.27 94.29 89.08 98.18 95.86 96.72 69.21 87.18 94.48 94.31 94.12 82.87 85.85 89.36 92.94 93.23 95.36 88.73
P9WFV3,chai1_P9WFV3_model_4.pdb,chai1,processed/aligned_relaxed_structures/P9WFV3/chai1_P9WFV3_model_4.pdb,2,17.72,0.734,19.2645 7.5445 29.5529,A_237 A_238 A_239 A_240 A_242 A_323 A_325 A_328 A_331 A_333 A_334 A_336 A_339 A_340 A_341 A_342 A_343 A_407 A_409 A_410 A_411 A_412 A_422 A_423,85.86 94.68 90.32 90.44 96.47 91.35 89.95 71.0 97.4 94.31 88.86 98.17 95.74 96.72 69.3 87.36 94.46 82.01 85.31 88.77 92.51 93.24 95.48 89.09
P9WFV3,swissmodel_P9WFV3_model_0.pdb,swissmodel,processed/aligned_relaxed_structures/P9WFV3/swissmodel_P9WFV3_model_0.pdb,2,18.74,0.759,20.4942 5.801 27.0755,A_199 A_206 A_211 A_212 A_237 A_238 A_239 A_240 A_242 A_323 A_333 A_334 A_336 A_339 A_340 A_341 A_342 A_343 A_377 A_380 A_409 A_410 A_411 A_412 A_421 A_422 A_423,0.83 0.86 0.94 0.95 0.97 0.97 0.96 0.96 0.98 0.93 0.98 0.98 0.98 0.97 0.94 0.92 0.94 0.96 0.96 0.97 0.92 0.92 0.92 0.92 0.95 0.96 0.95
P9WFV3,swissmodel_P9WFV3_model_0.pdb,swissmodel,processed/aligned_relaxed_structures/P9WFV3/swissmodel_P9WFV3_model_0.pdb,3,5.93,0.241,6.3261 -0.9309 -20.8506,A_141 A_144 A_145 A_146 A_147 A_149 A_150 A_24 A_27 A_28 A_31 A_33 A_34,0.96 0.97 0.98 0.97 0.96 0.92 0.9 0.98 0.98 0.97 0.97 0.98 0.97
P9WFV3,swissmodel_P9WFV3_model_1.pdb,swissmodel,processed/aligned_relaxed_structures/P9WFV3/swissmodel_P9WFV3_model_1.pdb,3,9.67,0.447,7.4437 -1.229 -21.2213,A_141 A_144 A_145 A_146 A_147 A_149 A_150 A_24 A_27 A_28 A_31 A_33 A_34,0.82 0.89 0.79 0.82 0.81 0.73 0.72 0.79 0.76 0.76 0.76 0.77 0.69
P9WFV5,alphafold2_P9WFV5_model_0.pdb,alphafold2,processed/aligned_relaxed_structures/P9WFV5/alphafold2_P9WFV5_model_0.pdb,1,18.75,0.759,5.4735 -2.0291 5.3933,A_110 A_114 A_116 A_118 A_124 A_125 A_126 A_128 A_130 A_259 A_260 A_261 A_270 A_281 A_282 A_283 A_284 A_306 A_307 A_308 A_311 A_64 A_84 A_85 A_86 A_87,98.77 97.49 94.93 82.86 86.36 92.06 95.33 95.52 97.52 81.55 75.73 81.67 97.48 93.78 96.73 96.71 96.89 97.97 98.32 96.83 95.5 83.47 96.3 95.2 97.23 97.94
P9WFV5,alphafold2_P9WFV5_model_0.pdb,alphafold2,processed/aligned_relaxed_structures/P9WFV5/alphafold2_P9WFV5_model_0.pdb,2,8.23,0.372,13.9225 -9.1392 1.156,A_164 A_166 A_209 A_211 A_216 A_254 A_256 A_257 A_258 A_270 A_272 A_278 A_280 A_281,97.83 98.01 82.23 83.01 91.05 94.83 89.84 89.55 81.32 97.48 97.0 77.58 89.51 93.78
P9WFV5,chai1_P9WFV5_model_1.pdb,chai1,processed/aligned_relaxed_structures/P9WFV5/chai1_P9WFV5_model_1.pdb,2,1.09,0.007,6.76 13.6009 8.3609,A_115 A_116 A_117 A_126 A_70 A_82,96.48 88.02 82.14 86.75 93.66 96.06
P9WFV5,swissmodel_P9WFV5_model_0.pdb,swissmodel,processed/aligned_relaxed_structures/P9WFV5/swissmodel_P9WFV5_model_0.pdb,1,32.85,0.919,6.5835 -3.5621 5.4954,A_114 A_116 A_118 A_124 A_128 A_129 A_130 A_164 A_166 A_209 A_210 A_211 A_216 A_254 A_257 A_258 A_259 A_260 A_261 A_264 A_269 A_270 A_272 A_279 A_280 A_281 A_282 A_283 A_284 A_286 A_304 A_305 A_306 A_307 A_308 A_311 A_64 A_84 A_85 A_86 A_87,0.97 0.95 0.84 0.87 0.95 0.97 0.97 0.98 0.98 0.82 0.85 0.83 0.91 0.95 0.9 0.81 0.81 0.75 0.81 0.93 0.98 0.97 0.97 0.79 0.89 0.94 0.97 0.96 0.97 0.98 0.98 0.98 0.98 0.98 0.97 0.95 0.83 0.96 0.95 0.97 0.98
P9WFV5,swissmodel_P9WFV5_model_0.pdb,swissmodel,processed/aligned_relaxed_structures/P9WFV5/swissmodel_P9WFV5_model_0.pdb,2,3.03,0.08,17.5658 -8.114 17.2037,A_170 A_176 A_179 A_180 A_202 A_203 A_204 A_205 A_258 A_262,0.94 0.92 0.94 0.93 0.86 0.85 0.9 0.87 0.81 0.84
P9WFV5,swissmodel_P9WFV5_model_1.pdb,swissmodel,processed/aligned_relaxed_structures/P9WFV5/swissmodel_P9WFV5_model_1.pdb,1,18.19,0.746,5.0473 -3.5718 2.2297,A_116 A_118 A_123 A_124 A_125 A_128 A_130 A_257 A_259 A_260 A_261 A_263 A_264 A_270 A_281 A_282 A_283 A_284 A_285 A_305 A_306 A_308 A_310 A_311 A_64 A_68 A_84 A_85 A_87,0.7 0.67 0.74 0.65 0.74 0.78 0.72 0.72 0.71 0.74 0.75 0.75 0.78 0.81 0.77 0.75 0.8 0.86 0.89 0.85 0.86 0.8 0.74 0.69 0.79 0.7 0.84 0.81 0.82
P9WFV7,alphafold2_P9WFV7_model_0.pdb,alphafold2,processed/aligned_relaxed_structures/P9WFV7/alphafold2_P9WFV7_model_0.pdb,1,43.77,0.955,-6.68 -8.158 -8.7694,A_102 A_105 A_144 A_164 A_165 A_197 A_199 A_207 A_208 A_209 A_212 A_214 A_216 A_256 A_260 A_262 A_264 A_268 A_270 A_284 A_285 A_289 A_324 A_326 A_327 A_328 A_330 A_331 A_83 A_86 A_87 A_89,86.69 85.16 89.19 96.53 97.21 92.88 83.13 90.27 86.45 91.69 95.32 98.17 98.65 91.63 77.82 76.44 78.71 97.05 97.8 95.71 97.27 97.86 98.63 98.18 98.22 97.02 95.16 95.73 93.08 83.19 83.13 81.7
P9WFV7,alphafold2_P9WFV7_model_0.pdb,alphafold2,processed/aligned_relaxed_structures/P9WFV7/alphafold2_P9WFV7_model_0.pdb,2,13.27,0.597,-6.4943 2.224 -14.9658,A_101 A_105 A_106 A_108 A_109 A_113 A_128 A_199 A_201 A_202 A_203 A_204 A_207 A_208 A_252 A_254 A_256 A_270 A_272 A_277 A_278 A_280 A_282 A_283 A_284 A_331,85.49 85.16 87.04 85.96 85.59 86.95 85.46 83.13 70.77 70.18 74.82 82.56 90.27 86.45 97.76 96.59 91.63 97.8 98.23 84.89 78.29 84.23 93.35 93.03 95.71 95.73
P9WFV7,alphafold3_P9WFV7_model_0.pdb,alphafold3,processed/aligned_relaxed_structures/P9WFV7/alphafold3_P9WFV7_model_0.pdb,1,47.57,0.964,-8.0531 -8.8134 -8.4361,A_102 A_105 A_144 A_164 A_165 A_197 A_199 A_206 A_207 A_208 A_209 A_212 A_214 A_216 A_254 A_256 A_262 A_263 A_264 A_265 A_268 A_270 A_284 A_285 A_287 A_289 A_291 A_324 A_326 A_328 A_330 A_331 A_81 A_83 A_86 A_87 A_89,75.04 76.29 78.23 97.64 94.84 88.68 82.68 93.52 89.37 68.51 93.84 97.45 90.32 91.82 82.2 83.32 84.29 76.52 80.03 91.19 96.54 95.55 86.62 96.57 98.52 98.51 91.74 95.18 98.5 98.21 89.35 91.09 95.11 94.8 83.18 88.12 86.14
P9WFV7,alphafold3_P9WFV7_model_3.pdb,alphafold3,processed/aligned_relaxed_structures/P9WFV7/alphafold3_P9WFV7_model_3.pdb,1,43.21,0.954,-7.9815 -9.8473 -8.4807,A_102 A_105 A_144 A_165 A_168 A_197 A_199 A_207 A_208 A_209 A_212 A_214 A_216 A_256 A_261 A_262 A_264 A_268 A_270 A_284 A_285 A_286 A_287 A_289 A_291 A_294 A_295 A_324 A_326 A_327 A_328 A_330 A_331 A_81 A_83 A_86 A_87 A_89,73.45 74.66 77.92 95.01 95.08 88.6 83.44 88.37 69.23 93.59 97.32 90.91 93.26 83.17 86.42 83.7 79.97 96.27 95.56 87.12 96.45 97.14 98.5 98.48 92.19 95.47 96.51 95.43 98.51 98.52 98.22 90.04 91.62 94.86 94.43 82.15 87.18 84.63
P9WFV7,alphafold3_P9WFV7_model_4.pdb,alphafold3,processed/aligned_relaxed_structures/P9WFV7/alphafold3_P9WFV7_model_4.pdb,1,33.59,0.923,-7.9735 -9.1991 -7.3724,A_164 A_165 A_197 A_199 A_206 A_207 A_208 A_209 A_212 A_214 A_216 A_254 A_256 A_262 A_264 A_265 A_268 A_270 A_284 A_285 A_289 A_291 A_324 A_326 A_328 A_330 A_331 A_81 A_83 A_86 A_87,97.29 94.38 87.07 81.08 92.71 88.56 67.9 93.36 97.13 90.05 92.28 81.68 82.88 83.31 79.67 90.65 96.22 95.39 86.81 96.44 98.4 91.76 95.16 98.46 98.19 90.36 90.83 94.35 93.62 80.71 85.37
P9WFV7,chai1_P9WFV7_model_3.pdb,chai1,processed/aligned_relaxed_structures/P9WFV7/chai1_P9WFV7_model_3.pdb,2,1.32,0.012,11.9012 5.6409 -12.344,A_13 A_14 A_17 A_205 A_24 A_27 A_36,86.97 68.29 77.17 87.25 91.42 78.26 88.39
P9WFV7,swissmodel_P9WFV7_model_1.pdb,swissmodel,processed/aligned_relaxed_structures/P9WFV7/swissmodel_P9WFV7_model_1.pdb,1,57.93,0.978,-7.3978 -6.6113 -9.3826,A_102 A_104 A_105 A_108 A_109 A_144 A_164 A_165 A_168 A_197 A_199 A_201 A_204 A_207 A_208 A_209 A_212 A_214 A_216 A_254 A_256 A_260 A_262 A_263 A_264 A_268 A_270 A_272 A_277 A_278 A_280 A_282 A_283 A_284 A_287 A_289 A_291 A_324 A_326 A_327 A_328 A_331 A_81 A_83 A_86 A_87 A_89,0.87 0.87 0.85 0.86 0.86 0.89 0.97 0.97 0.98 0.93 0.83 0.71 0.83 0.91 0.87 0.92 0.96 0.98 0.99 0.97 0.92 0.79 0.78 0.79 0.8 0.97 0.98 0.98 0.85 0.78 0.83 0.93 0.93 0.96 0.98 0.98 0.98 0.99 0.98 0.98 0.97 0.96 0.95 0.93 0.83 0.83 0.82
P9WFV7,swissmodel_P9WFV7_model_1.pdb,swissmodel,processed/aligned_relaxed_structures/P9WFV7/swissmodel_P9WFV7_model_1.pdb,2,3.7,0.113,14.767 23.1032 13.4327,A_346 A_347 A_406 A_407 A_410 A_411 A_423 A_435 A_437 A_442 A_444,0.88 0.85 0.93 0.92 0.96 0.94 0.98 0.98 0.98 0.93 0.96
P9WFV9,alphafold2_P9WFV9_model_0.pdb,alphafold2,processed/aligned_relaxed_structures/P9WFV9/alphafold2_P9WFV9_model_0.pdb,1,18.16,0.745,-5.5469 -4.347 -9.0577,A_10 A_12 A_196 A_20 A_200 A_204 A_21 A_214 A_215 A_217 A_218 A_22 A_221 A_225 A_23 A_248 A_249 A_25 A_250 A_257 A_258 A_26 A_260 A_265 A_287 A_44 A_46,98.7 97.53 93.65 93.03 97.59 98.71 93.46 97.08 94.84 92.59 95.3 90.82 96.34 97.88 92.62 95.04 93.73 96.2 93.45 89.34 89.88 96.58 80.75 91.53 95.88 98.65 96.53
P9WFV9,alphafold2_P9WFV9_model_0.pdb,alphafold2,processed/aligned_relaxed_structures/P9WFV9/alphafold2_P9WFV9_model_0.pdb,2,3.73,0.115,12.6887 6.1502 5.1023,A_271 A_275 A_276 A_277 A_343 A_346 A_347 A_350 A_376 A_67,97.46 98.69 98.64 98.32 98.42 97.89 98.49 96.75 98.77 97.45
P9WFV9,alphafold3_P9WFV9_model_0.pdb,alphafold3,processed/aligned_relaxed_structures/P9WFV9/alphafold3_P9WFV9_model_0.pdb,2,3.74,0.115,12.6103 5.7234 5.8772,A_271 A_275 A_276 A_277 A_343 A_346 A_347 A_350 A_351 A_376 A_67,88.47 98.03 98.29 97.3 95.82 89.56 95.03 86.02 90.66 98.42 97.33
P9WFV9,alphafold3_P9WFV9_model_1.pdb,alphafold3,processed/aligned_relaxed_structures/P9WFV9/alphafold3_P9WFV9_model_1.pdb,2,3.45,0.1,12.3158 6.1991 5.1659,A_271 A_272 A_275 A_276 A_277 A_343 A_346 A_347 A_376 A_63 A_67,88.15 90.94 98.0 98.29 97.15 95.64 89.47 94.9 98.39 94.11 97.19
P9WFV9,alphafold3_P9WFV9_model_2.pdb,alphafold3,processed/aligned_relaxed_structures/P9WFV9/alphafold3_P9WFV9_model_2.pdb,2,2.92,0.075,12.5592 6.5032 6.1699,A_271 A_275 A_276 A_277 A_343 A_346 A_347 A_376 A_67,88.04 97.9 98.29 97.22 95.68 89.42 94.96 98.39 97.09
P9WFV9,alphafold3_P9WFV9_model_3.pdb,alphafold3,processed/aligned_relaxed_structures/P9WFV9/alphafold3_P9WFV9_model_3.pdb,2,2.95,0.077,12.6075 6.0564 6.384,A_271 A_275 A_276 A_277 A_343 A_346 A_347 A_350 A_351 A_376 A_67,88.31 98.01 98.31 97.18 95.78 89.71 95.0 86.2 90.81 98.42 97.35
P9WFV9,alphafold3_P9WFV9_model_4.pdb,alphafold3,processed/aligned_relaxed_structures/P9WFV9/alphafold3_P9WFV9_model_4.pdb,2,3.78,0.118,12.6306 6.2313 4.5184,A_271 A_272 A_275 A_276 A_277 A_343 A_346 A_347 A_350 A_351 A_376 A_63 A_67,88.27 89.87 97.84 98.18 97.06 95.32 89.05 94.61 85.49 90.18 98.3 94.12 97.19
P9WFV9,chai1_P9WFV9_model_0.pdb,chai1,processed/aligned_relaxed_structures/P9WFV9/chai1_P9WFV9_model_0.pdb,2,3.76,0.116,12.1634 5.9464 4.9516,A_271 A_272 A_275 A_276 A_277 A_343 A_346 A_347 A_350 A_351 A_376 A_67,86.5 74.03 97.92 98.41 97.19 95.07 92.74 90.39 82.56 82.39 98.69 97.15
P9WFV9,chai1_P9WFV9_model_1.pdb,chai1,processed/aligned_relaxed_structures/P9WFV9/chai1_P9WFV9_model_1.pdb,2,3.89,0.124,12.3397 5.8322 4.4775,A_271 A_272 A_275 A_276 A_277 A_343 A_346 A_347 A_350 A_351 A_376 A_67,85.76 74.34 97.84 98.4 97.12 95.05 92.58 90.46 82.38 82.41 98.68 97.15
P9WFV9,chai1_P9WFV9_model_2.pdb,chai1,processed/aligned_relaxed_structures/P9WFV9/chai1_P9WFV9_model_2.pdb,2,3.92,0.125,12.4714 5.662 5.0263,A_271 A_272 A_276 A_277 A_343 A_346 A_347 A_350 A_351 A_376 A_67,86.05 74.31 98.42 97.21 95.09 92.7 90.5 82.59 82.27 98.68 97.15
P9WFV9,chai1_P9WFV9_model_3.pdb,chai1,processed/aligned_relaxed_structures/P9WFV9/chai1_P9WFV9_model_3.pdb,2,3.95,0.127,12.3996 6.0862 4.8309,A_271 A_272 A_275 A_276 A_277 A_343 A_346 A_347 A_350 A_351 A_376 A_67,86.08 74.19 97.99 98.4 97.18 95.04 92.66 90.43 82.65 83.33 98.69 97.16
P9WFV9,chai1_P9WFV9_model_4.pdb,chai1,processed/aligned_relaxed_structures/P9WFV9/chai1_P9WFV9_model_4.pdb,2,3.86,0.122,12.2142 6.0621 4.8501,A_271 A_272 A_275 A_276 A_277 A_343 A_346 A_347 A_350 A_351 A_376 A_67,85.96 74.19 97.93 98.41 97.19 95.07 92.77 90.34 82.07 83.33 98.69 97.17
P9WFV9,swissmodel_P9WFV9_model_0.pdb,swissmodel,processed/aligned_relaxed_structures/P9WFV9/swissmodel_P9WFV9_model_0.pdb,1,21.35,0.808,-5.3094 -5.0079 -9.8221,A_10 A_11 A_12 A_14 A_196 A_20 A_200 A_204 A_212 A_214 A_215 A_217 A_218 A_22 A_221 A_225 A_23 A_248 A_249 A_25 A_250 A_258 A_26 A_260 A_46,0.95 0.98 1.0 0.92 0.96 0.92 0.98 1.0 1.0 0.93 0.99 0.92 0.97 0.97 0.99 0.95 0.96 0.98 0.95 0.9 0.95 0.9 0.98 0.83 0.92
P9WFV9,swissmodel_P9WFV9_model_0.pdb,swissmodel,processed/aligned_relaxed_structures/P9WFV9/swissmodel_P9WFV9_model_0.pdb,2,4.2,0.141,12.6014 5.6708 5.7797,A_271 A_275 A_276 A_277 A_343 A_346 A_347 A_350 A_351 A_376 A_67,0.89 0.96 0.97 0.98 0.89 0.93 0.92 0.93 0.89 0.96 0.95
P9WFW1,alphafold2_P9WFW1_model_0.pdb,alphafold2,processed/aligned_relaxed_structures/P9WFW1/alphafold2_P9WFW1_model_0.pdb,2,2.88,0.073,-13.6566 8.03 -6.2236,A_10 A_12 A_230 A_233 A_257 A_300,98.35 97.9 95.1 97.0 98.41 97.25
P9WFW1,alphafold3_P9WFW1_model_1.pdb,alphafold3,processed/aligned_relaxed_structures/P9WFW1/alphafold3_P9WFW1_model_1.pdb,2,2.82,0.07,-2.4021 5.9451 12.9892,A_292 A_293 A_296 A_297 A_303 A_304 A_309 A_312 A_313 A_316 A_357 A_361,97.7 95.04 94.16 96.92 93.01 80.45 95.99 92.75 97.55 97.57 96.98 90.09
P9WFW1,alphafold3_P9WFW1_model_2.pdb,alphafold3,processed/aligned_relaxed_structures/P9WFW1/alphafold3_P9WFW1_model_2.pdb,2,6.72,0.288,-0.3836 9.7464 -21.4008,A_169 A_171 A_184 A_187 A_207 A_208 A_231 A_232 A_236 A_34 A_36 A_38 A_76 A_77,74.55 72.23 90.92 79.2 87.14 93.78 89.91 95.65 95.9 95.58 95.61 83.79 77.71 89.33
P9WFW1,alphafold3_P9WFW1_model_3.pdb,alphafold3,processed/aligned_relaxed_structures/P9WFW1/alphafold3_P9WFW1_model_3.pdb,2,1.99,0.036,-13.957 7.1158 -6.407,A_10 A_12 A_15 A_230 A_233 A_257 A_300,89.97 96.96 96.72 69.9 96.53 96.4 90.9
P9WFW1,alphafold3_P9WFW1_model_4.pdb,alphafold3,processed/aligned_relaxed_structures/P9WFW1/alphafold3_P9WFW1_model_4.pdb,2,2.18,0.043,5.4476 -0.8434 -6.2262,A_101 A_102 A_105 A_116 A_34 A_35 A_37 A_70 A_71 A_72 A_98,96.62 97.01 95.88 90.76 95.57 96.47 97.29 90.6 93.97 97.68 91.3
P9WFW1,chai1_P9WFW1_model_1.pdb,chai1,processed/aligned_relaxed_structures/P9WFW1/chai1_P9WFW1_model_1.pdb,2,1.67,0.023,-0.402 -11.8976 6.3914,A_109 A_111 A_391 A_394 A_399 A_402 A_57,90.02 94.71 97.74 96.39 79.72 74.63 91.1
P9WFW1,swissmodel_P9WFW1_model_0.pdb,swissmodel,processed/aligned_relaxed_structures/P9WFW1/swissmodel_P9WFW1_model_0.pdb,2,7.92,0.354,3.9267 10.246 -17.7491,A_169 A_171 A_184 A_187 A_206 A_207 A_208 A_235 A_236 A_76,0.85 0.74 0.96 0.95 0.96 0.96 0.97 0.95 0.97 0.96
P9WFW1,swissmodel_P9WFW1_model_0.pdb,swissmodel,processed/aligned_relaxed_structures/P9WFW1/swissmodel_P9WFW1_model_0.pdb,3,5.31,0.206,0.3087 -0.3965 -3.71,A_105 A_32 A_33 A_45 A_48,0.98 0.99 0.98 0.93 0.96
P9WFW1,swissmodel_P9WFW1_model_1.pdb,swissmodel,processed/aligned_relaxed_structures/P9WFW1/swissmodel_P9WFW1_model_1.pdb,1,50.75,0.968,2.2762 7.7854 -9.8577,B_101 B_105 B_206 B_207 B_208 B_210 B_229 B_230 B_231 B_232 B_235 B_236 B_258 B_259 B_260 B_261 B_267 B_268 B_269 B_270 B_275 B_33 B_34 B_35 B_36 B_38 B_40 B_42 B_43 B_44 B_45 B_47 B_48 B_70 B_73 B_76 B_78,0.79 0.79 0.74 0.68 0.84 0.82 0.86 0.79 0.78 0.84 0.81 0.81 0.82 0.83 0.75 0.81 0.7 0.72 0.72 0.68 0.78 0.85 0.87 0.82 0.8 0.77 0.8 0.78 0.8 0.83 0.79 0.77 0.86 0.8 0.83 0.74 0.72
P9WFW3,alphafold2_P9WFW3_model_0.pdb,alphafold2,processed/aligned_relaxed_structures/P9WFW3/alphafold2_P9WFW3_model_0.pdb,1,28.74,0.891,-4.2732 -6.9146 0.0434,A_173 A_197 A_200 A_219 A_221 A_226 A_227 A_228 A_231 A_233 A_274 A_284 A_285 A_425 A_429 A_450 A_451 A_478 A_485 A_487 A_488 A_489 A_492 A_533 A_535 A_536 A_537 A_540,76.07 93.93 96.44 92.01 82.64 77.06 84.97 91.05 95.13 97.39 98.23 97.12 97.89 97.58 94.14 91.62 87.64 98.53 96.96 97.91 97.55 97.58 97.43 98.15 98.2 98.45 97.03 95.9
P9WFW3,alphafold2_P9WFW3_model_0.pdb,alphafold2,processed/aligned_relaxed_structures/P9WFW3/alphafold2_P9WFW3_model_0.pdb,2,2.52,0.057,-6.1687 -17.7092 2.957,A_173 A_174 A_439 A_440 A_442 A_448 A_449 A_451 A_452 A_453,76.07 77.97 82.3 81.82 82.95 93.24 92.56 87.64 90.04 91.84
P9WFW3,alphafold3_P9WFW3_model_0.pdb,alphafold3,processed/aligned_relaxed_structures/P9WFW3/alphafold3_P9WFW3_model_0.pdb,2,3.42,0.098,-15.2399 -13.8737 6.4936,A_168 A_169 A_171 A_173 A_195 A_198 A_452 A_454 A_516 A_517 A_519,91.97 71.73 78.31 67.99 96.34 94.48 88.79 94.97 75.49 93.56 95.76
P9WFW3,alphafold3_P9WFW3_model_1.pdb,alphafold3,processed/aligned_relaxed_structures/P9WFW3/alphafold3_P9WFW3_model_1.pdb,2,3.3,0.092,-17.2615 -16.1537 -11.6528,A_241 A_242 A_456 A_457 A_459 A_462 A_475 A_491 A_492 A_493 A_494 A_495 A_498 A_530 A_531,97.87 94.86 98.2 97.22 95.29 82.76 95.15 98.36 96.77 97.28 95.08 79.22 91.66 97.29 97.76
P9WFW3,alphafold3_P9WFW3_model_2.pdb,alphafold3,processed/aligned_relaxed_structures/P9WFW3/alphafold3_P9WFW3_model_2.pdb,2,2.42,0.053,-7.2234 7.086 10.6881,A_143 A_147 A_214 A_216 A_230 A_232 A_555 A_556 A_557,96.05 95.72 98.29 88.5 92.61 98.28 97.59 98.36 97.97
P9WFW3,alphafold3_P9WFW3_model_3.pdb,alphafold3,processed/aligned_relaxed_structures/P9WFW3/alphafold3_P9WFW3_model_3.pdb,2,5.11,0.193,-17.9305 -11.7839 8.9196,A_164 A_165 A_168 A_169 A_171 A_173 A_193 A_195 A_196 A_198 A_199 A_202 A_519,98.37 97.52 91.64 70.09 77.73 67.35 97.41 96.17 97.7 94.62 97.34 97.91 95.56
P9WFW3,alphafold3_P9WFW3_model_4.pdb,alphafold3,processed/aligned_relaxed_structures/P9WFW3/alphafold3_P9WFW3_model_4.pdb,2,3.14,0.085,-17.5519 -17.2228 -10.6241,A_241 A_242 A_456 A_457 A_459 A_462 A_475 A_491 A_492 A_493 A_494 A_495 A_498 A_530,97.87 94.88 98.15 97.15 95.39 83.05 94.97 98.3 96.69 97.35 95.1 79.37 91.45 97.32
P9WFW3,chai1_P9WFW3_model_0.pdb,chai1,processed/aligned_relaxed_structures/P9WFW3/chai1_P9WFW3_model_0.pdb,2,5.07,0.191,7.2965 6.3001 -4.9835,A_287 A_289 A_403 A_407 A_412 A_414 A_417 A_482 A_484 A_544 A_547 A_548 A_549,96.47 91.92 96.76 86.26 94.8 90.96 98.0 97.54 90.66 97.03 95.44 74.21 75.35
P9WFW3,chai1_P9WFW3_model_1.pdb,chai1,processed/aligned_relaxed_structures/P9WFW3/chai1_P9WFW3_model_1.pdb,2,3.41,0.097,6.8725 6.3134 -4.0022,A_289 A_403 A_407 A_412 A_414 A_417 A_482 A_484 A_543 A_544 A_547 A_548 A_549,92.08 96.8 86.32 94.92 91.05 98.0 97.44 90.63 97.25 97.04 95.62 74.46 75.57
P9WFW3,chai1_P9WFW3_model_2.pdb,chai1,processed/aligned_relaxed_structures/P9WFW3/chai1_P9WFW3_model_2.pdb,2,3.72,0.114,7.2074 7.0181 -4.4774,A_289 A_412 A_414 A_417 A_482 A_484 A_544 A_547 A_548 A_549,92.18 94.83 90.98 98.0 97.46 90.6 97.03 95.62 74.53 75.28
P9WFW3,chai1_P9WFW3_model_3.pdb,chai1,processed/aligned_relaxed_structures/P9WFW3/chai1_P9WFW3_model_3.pdb,2,3.03,0.08,7.8289 7.1955 -4.8232,A_289 A_412 A_414 A_417 A_482 A_484 A_540 A_544 A_547 A_548 A_549,92.02 94.81 90.83 97.97 97.44 90.5 78.78 97.03 95.68 74.39 75.27
P9WFW3,chai1_P9WFW3_model_4.pdb,chai1,processed/aligned_relaxed_structures/P9WFW3/chai1_P9WFW3_model_4.pdb,2,3.67,0.111,7.0159 6.6064 -5.2326,A_287 A_289 A_403 A_407 A_412 A_414 A_415 A_417 A_482 A_484 A_544 A_547 A_548,96.48 92.3 96.76 86.24 94.86 91.0 86.0 97.97 97.43 90.64 97.06 95.46 74.49
P9WFW3,swissmodel_P9WFW3_model_0.pdb,swissmodel,processed/aligned_relaxed_structures/P9WFW3/swissmodel_P9WFW3_model_0.pdb,1,38.08,0.941,-4.9353 -7.13 0.6336,A_173 A_195 A_196 A_197 A_200 A_219 A_221 A_226 A_227 A_228 A_231 A_232 A_233 A_274 A_284 A_285 A_392 A_426 A_429 A_433 A_437 A_439 A_449 A_450 A_451 A_452 A_478 A_485 A_487 A_488 A_489 A_490 A_492 A_535 A_537 A_538 A_539 A_540 A_551,0.85 0.98 0.98 0.95 0.95 0.84 0.86 0.74 0.69 0.9 0.94 0.97 0.94 0.92 0.94 0.91 0.82 0.95 0.81 0.73 0.77 0.83 0.93 0.92 0.92 0.93 0.98 0.92 1.0 1.0 1.0 1.0 0.93 1.0 0.99 0.93 0.95 0.88 0.94
P9WFW3,swissmodel_P9WFW3_model_0.pdb,swissmodel,processed/aligned_relaxed_structures/P9WFW3/swissmodel_P9WFW3_model_0.pdb,2,2.06,0.038,12.8948 36.2173 14.0654,A_27 A_29 A_31 A_36 A_37 A_38 A_47 A_80 A_84 A_86,0.85 0.83 0.83 0.9 0.94 0.94 0.93 0.88 0.85 0.86
P9WFW5,alphafold2_P9WFW5_model_0.pdb,alphafold2,processed/aligned_relaxed_structures/P9WFW5/alphafold2_P9WFW5_model_0.pdb,1,31.04,0.907,2.4418 -6.0725 16.34,A_126 A_128 A_129 A_131 A_137 A_166 A_168 A_255 A_308 A_312 A_329 A_330 A_331 A_332 A_334 A_335 A_338 A_342 A_363,98.11 96.08 92.6 87.93 91.98 94.5 86.52 89.62 85.39 92.93 97.82 97.38 94.87 92.21 89.16 90.71 90.76 95.87 93.06
P9WFW5,alphafold2_P9WFW5_model_0.pdb,alphafold2,processed/aligned_relaxed_structures/P9WFW5/alphafold2_P9WFW5_model_0.pdb,2,2.36,0.05,9.1171 -12.5137 28.1679,A_170 A_171 A_172 A_255 A_259 A_301 A_305 A_306 A_307 A_308,82.21 83.55 88.3 89.62 83.87 96.03 90.62 90.77 91.86 85.39
P9WFW5,chai1_P9WFW5_model_4.pdb,chai1,processed/aligned_relaxed_structures/P9WFW5/chai1_P9WFW5_model_4.pdb,2,4.69,0.169,-9.6946 -20.2094 13.5567,A_135 A_136 A_198 A_199 A_202 A_203 A_234 A_237 A_238 A_241 A_384 A_386,87.92 90.94 78.54 84.7 71.61 90.71 86.98 74.07 93.68 90.82 86.89 85.1
P9WFW5,swissmodel_P9WFW5_model_0.pdb,swissmodel,processed/aligned_relaxed_structures/P9WFW5/swissmodel_P9WFW5_model_0.pdb,1,36.73,0.937,0.8724 -5.7387 16.1093,A_126 A_128 A_129 A_130 A_131 A_137 A_138 A_139 A_142 A_143 A_166 A_168 A_255 A_308 A_312 A_315 A_316 A_329 A_331 A_332 A_333 A_334 A_335 A_338 A_342 A_362 A_363,0.98 0.96 0.93 0.88 0.88 0.92 0.91 0.88 0.96 0.97 0.95 0.87 0.9 0.85 0.93 0.96 0.97 0.98 0.95 0.92 0.89 0.89 0.91 0.91 0.96 0.95 0.93
P9WFW5,swissmodel_P9WFW5_model_0.pdb,swissmodel,processed/aligned_relaxed_structures/P9WFW5/swissmodel_P9WFW5_model_0.pdb,2,4.77,0.174,-9.1005 -22.0238 12.91,A_135 A_199 A_202 A_203 A_206 A_234 A_237 A_240 A_241 A_378 A_386,0.92 0.93 0.95 0.97 0.98 0.94 0.94 0.96 0.96 0.81 0.92
P9WFW7,alphafold2_P9WFW7_model_0.pdb,alphafold2,processed/aligned_relaxed_structures/P9WFW7/alphafold2_P9WFW7_model_0.pdb,1,25.95,0.87,5.1258 -26.1199 1.3738,A_127 A_153 A_157 A_158 A_159 A_160 A_161 A_171 A_173 A_175 A_188 A_189 A_192 A_197 A_199 A_200 A_231 A_232 A_233 A_235 A_236 A_67 A_70 A_79 A_80 A_81 A_84 A_86,97.96 95.12 88.94 95.25 93.95 93.69 88.7 97.11 97.6 97.69 94.4 94.57 88.67 95.6 97.57 97.59 97.06 97.49 95.66 95.22 95.13 89.09 73.39 86.65 89.33 93.47 95.34 97.16
P9WFW7,alphafold2_P9WFW7_model_0.pdb,alphafold2,processed/aligned_relaxed_structures/P9WFW7/alphafold2_P9WFW7_model_0.pdb,2,11.29,0.521,-7.2632 -0.579 22.9135,A_463 A_465 A_468 A_514 A_517 A_518 A_545 A_548 A_551 A_664 A_667 A_668 A_669 A_670 A_673 A_674 A_687 A_688,94.88 95.88 93.89 97.37 91.0 85.49 90.21 82.16 95.21 71.5 66.3 67.17 79.17 81.24 92.82 94.54 93.48 92.02
P9WFW7,alphafold2_P9WFW7_model_0.pdb,alphafold2,processed/aligned_relaxed_structures/P9WFW7/alphafold2_P9WFW7_model_0.pdb,3,8.98,0.413,-10.1996 -10.515 9.7784,A_23 A_24 A_25 A_26 A_28 A_29 A_294 A_295 A_346 A_43 A_64 A_653 A_657 A_663 A_664 A_667 A_668 A_669,91.93 91.67 89.7 90.02 83.98 73.82 91.41 88.06 89.19 87.74 96.26 89.06 86.11 82.1 71.5 66.3 67.17 79.17
P9WFW7,alphafold2_P9WFW7_model_0.pdb,alphafold2,processed/aligned_relaxed_structures/P9WFW7/alphafold2_P9WFW7_model_0.pdb,4,6.61,0.282,-7.4143 -17.8632 17.5211,A_21 A_22 A_23 A_25 A_29 A_43 A_44 A_46 A_47 A_55 A_56 A_58 A_59 A_652 A_653 A_654 A_669 A_670 A_671 A_92,97.49 94.97 91.93 89.7 73.82 87.74 92.86 87.44 91.89 89.78 94.43 98.08 97.92 94.57 89.06 87.28 79.17 81.24 83.86 96.37
P9WFW7,alphafold3_P9WFW7_model_0.pdb,alphafold3,processed/aligned_relaxed_structures/P9WFW7/alphafold3_P9WFW7_model_0.pdb,1,24.95,0.86,6.8477 -22.8822 -0.1857,A_153 A_156 A_157 A_159 A_160 A_161 A_173 A_192 A_197 A_199 A_200 A_214 A_231 A_232 A_233 A_235 A_236 A_67 A_70 A_79 A_80 A_81 A_84 A_86,76.14 90.49 83.7 90.27 84.67 88.61 84.13 83.16 85.4 97.37 91.97 65.24 96.82 90.55 96.35 90.06 85.6 73.92 85.36 76.03 85.28 84.72 92.17 85.16
P9WFW7,alphafold3_P9WFW7_model_0.pdb,alphafold3,processed/aligned_relaxed_structures/P9WFW7/alphafold3_P9WFW7_model_0.pdb,3,7.28,0.319,-10.0559 -15.6266 9.4494,A_11 A_21 A_22 A_23 A_24 A_25 A_26 A_294 A_295 A_343 A_344 A_345 A_346 A_62 A_64 A_653 A_654 A_669 A_671 A_7 A_85,94.5 87.75 91.45 88.82 92.16 92.05 85.05 87.45 84.6 90.56 93.32 91.85 81.55 89.08 87.7 77.92 68.1 83.37 71.06 82.12 87.39
P9WFW7,alphafold3_P9WFW7_model_1.pdb,alphafold3,processed/aligned_relaxed_structures/P9WFW7/alphafold3_P9WFW7_model_1.pdb,1,26.93,0.877,9.4764 -19.0139 -1.8107,A_153 A_157 A_160 A_161 A_171 A_173 A_175 A_192 A_197 A_198 A_200 A_214 A_231 A_232 A_233 A_235 A_236 A_67 A_70 A_79 A_80 A_81 A_84 A_86,76.56 83.73 84.9 88.7 95.15 84.38 94.84 83.18 85.63 94.2 92.13 65.51 96.83 90.43 96.33 89.96 85.84 73.97 85.37 75.8 85.97 84.48 92.01 85.06
P9WFW7,alphafold3_P9WFW7_model_2.pdb,alphafold3,processed/aligned_relaxed_structures/P9WFW7/alphafold3_P9WFW7_model_2.pdb,2,13.7,0.612,-13.6972 0.6047 16.7262,A_517 A_518 A_519 A_545 A_584 A_587 A_588 A_604 A_607 A_664 A_667 A_669 A_674 A_686 A_687 A_688,84.61 90.82 92.12 74.05 92.09 86.32 93.08 82.51 87.68 73.51 65.48 83.17 87.79 90.47 94.94 94.97
P9WFW7,swissmodel_P9WFW7_model_0.pdb,swissmodel,processed/aligned_relaxed_structures/P9WFW7/swissmodel_P9WFW7_model_0.pdb,1,24.28,0.852,3.564 -27.2917 -1.6356,A_156 A_157 A_159 A_160 A_161 A_173 A_192 A_197 A_200 A_231 A_232 A_233 A_235 A_236 A_67 A_70 A_79 A_80 A_81 A_84 A_86,0.89 0.9 0.94 0.95 0.9 0.98 0.89 0.96 0.98 0.97 0.98 0.96 0.95 0.95 0.9 0.74 0.87 0.9 0.94 0.96 0.97
P9WFW7,swissmodel_P9WFW7_model_0.pdb,swissmodel,processed/aligned_relaxed_structures/P9WFW7/swissmodel_P9WFW7_model_0.pdb,2,15.99,0.688,-6.5314 3.5579 22.4802,A_463 A_465 A_468 A_514 A_517 A_518 A_545 A_548 A_551 A_584 A_588 A_604 A_607 A_664 A_667 A_669 A_674 A_685 A_686 A_687 A_688,0.95 0.96 0.94 0.97 0.91 0.85 0.9 0.82 0.95 0.97 0.97 0.88 0.93 0.71 0.66 0.79 0.95 0.94 0.94 0.93 0.92
P9WN61,alphafold2_P9WN61_model_0.pdb,alphafold2,processed/aligned_relaxed_structures/P9WN61/alphafold2_P9WN61_model_0.pdb,2,3.47,0.101,-2.3414 10.1452 25.8703,A_370 A_372 A_373 A_376 A_377 A_381 A_410 A_411 A_417 A_421,96.13 95.6 95.88 93.96 96.7 94.41 94.33 93.08 87.06 95.6
P9WN61,chai1_P9WN61_model_0.pdb,chai1,processed/aligned_relaxed_structures/P9WN61/chai1_P9WN61_model_0.pdb,1,22.45,0.827,2.2909 -9.9717 -21.0909,A_101 A_103 A_107 A_108 A_113 A_115 A_117 A_142 A_143 A_145 A_147 A_149 A_150 A_151 A_180 A_182 A_184 A_226 A_228 A_230 A_244 A_246 A_248 A_249 A_302 A_32 A_34,84.29 85.69 84.46 73.43 86.54 94.37 83.14 78.32 81.77 84.43 79.39 91.27 89.75 92.94 94.21 83.74 96.34 69.37 85.01 91.44 65.55 84.04 67.16 68.9 81.39 78.19 85.7
P9WN61,chai1_P9WN61_model_2.pdb,chai1,processed/aligned_relaxed_structures/P9WN61/chai1_P9WN61_model_2.pdb,2,2.35,0.05,-3.7288 10.8062 24.0408,A_373 A_376 A_377 A_407 A_410 A_417,94.08 92.51 93.86 93.66 89.45 72.26
P9WN61,chai1_P9WN61_model_4.pdb,chai1,processed/aligned_relaxed_structures/P9WN61/chai1_P9WN61_model_4.pdb,2,3.8,0.119,-1.3877 8.868 23.9372,A_373 A_376 A_377 A_381 A_407 A_410 A_411 A_417 A_421,94.03 92.43 93.68 90.74 93.57 89.39 84.66 72.4 65.94
P9WN61,swissmodel_P9WN61_model_0.pdb,swissmodel,processed/aligned_relaxed_structures/P9WN61/swissmodel_P9WN61_model_0.pdb,2,5.38,0.21,-5.0056 -6.9733 7.2151,A_130 A_131 A_132 A_134 A_135 A_136 A_200 A_201 A_204 A_253 A_332 A_336 A_346 A_349 A_350 A_353 A_354,0.94 0.94 0.86 0.86 0.93 0.95 0.97 0.97 0.95 0.91 0.9 0.9 0.89 0.92 0.89 0.88 0.85
P9WQA1,alphafold2_P9WQA1_model_0.pdb,alphafold2,processed/aligned_relaxed_structures/P9WQA1/alphafold2_P9WQA1_model_0.pdb,1,6.22,0.258,-12.5609 3.6047 -12.1662,A_101 A_104 A_105 A_204 A_205 A_206 A_207 A_330 A_331 A_335 A_336 A_85,97.79 97.72 98.51 98.69 98.79 98.71 98.42 97.97 97.88 96.14 97.08 98.82
P9WQA1,alphafold2_P9WQA1_model_0.pdb,alphafold2,processed/aligned_relaxed_structures/P9WQA1/alphafold2_P9WQA1_model_0.pdb,2,5.11,0.193,6.9197 6.5623 -5.01,A_130 A_132 A_133 A_137 A_178 A_180 A_316 A_317 A_363 A_367 A_424 A_430 A_431 A_434,98.43 96.07 97.04 97.2 97.7 98.48 97.56 94.8 95.64 97.36 79.12 84.8 85.85 88.95
P9WQA1,alphafold3_P9WQA1_model_0.pdb,alphafold3,processed/aligned_relaxed_structures/P9WQA1/alphafold3_P9WQA1_model_0.pdb,1,7.46,0.329,6.5353 5.088 -5.307,A_130 A_132 A_133 A_155 A_177 A_178 A_180 A_316 A_317 A_363 A_367 A_430 A_431 A_434,97.86 96.97 93.16 95.98 97.92 97.69 97.74 97.48 91.48 93.37 93.43 83.13 83.9 86.18
P9WQA1,alphafold3_P9WQA1_model_0.pdb,alphafold3,processed/aligned_relaxed_structures/P9WQA1/alphafold3_P9WQA1_model_0.pdb,2,6.31,0.264,-12.3388 4.0297 -11.9164,A_101 A_103 A_104 A_105 A_204 A_205 A_206 A_207 A_330 A_331 A_335 A_336 A_85,96.38 96.19 97.18 94.1 98.78 96.35 98.53 98.51 82.61 95.13 73.74 95.22 97.62
P9WQA1,alphafold3_P9WQA1_model_1.pdb,alphafold3,processed/aligned_relaxed_structures/P9WQA1/alphafold3_P9WQA1_model_1.pdb,1,7.71,0.343,-12.2398 4.1151 -12.3289,A_101 A_103 A_104 A_105 A_204 A_205 A_206 A_207 A_330 A_331 A_335 A_336 A_85,96.36 96.27 97.21 94.03 98.78 96.38 98.53 98.5 82.71 94.75 73.51 95.48 97.64
P9WQA1,alphafold3_P9WQA1_model_1.pdb,alphafold3,processed/aligned_relaxed_structures/P9WQA1/alphafold3_P9WQA1_model_1.pdb,2,4.12,0.136,6.2494 3.9178 -5.7745,A_130 A_132 A_133 A_155 A_177 A_178 A_179 A_180 A_316 A_317 A_363 A_367 A_430 A_431 A_434 A_438,97.83 96.92 92.98 95.82 97.9 97.62 98.42 97.73 97.48 91.47 93.35 93.3 83.36 84.83 86.75 95.67
P9WQA1,alphafold3_P9WQA1_model_2.pdb,alphafold3,processed/aligned_relaxed_structures/P9WQA1/alphafold3_P9WQA1_model_2.pdb,1,6.09,0.25,-12.8644 3.5273 -12.3303,A_101 A_103 A_104 A_105 A_204 A_205 A_206 A_207 A_330 A_331 A_335 A_336 A_85,96.33 96.3 97.21 94.01 98.79 96.37 98.55 98.52 82.7 95.19 73.29 95.55 97.68
P9WQA1,alphafold3_P9WQA1_model_2.pdb,alphafold3,processed/aligned_relaxed_structures/P9WQA1/alphafold3_P9WQA1_model_2.pdb,2,5.45,0.214,6.729 5.7992 -5.0226,A_130 A_132 A_133 A_137 A_177 A_178 A_179 A_180 A_183 A_316 A_317 A_363 A_367 A_424 A_430 A_431 A_434,97.82 97.02 93.12 91.26 97.95 97.77 98.42 97.76 82.68 97.51 91.61 93.42 93.45 82.19 83.4 84.87 85.99
P9WQA1,alphafold3_P9WQA1_model_3.pdb,alphafold3,processed/aligned_relaxed_structures/P9WQA1/alphafold3_P9WQA1_model_3.pdb,1,6.62,0.283,-12.6071 3.8792 -12.3203,A_101 A_103 A_104 A_105 A_204 A_205 A_206 A_330 A_331 A_335 A_336 A_85,96.21 96.19 97.17 93.98 98.78 96.41 98.52 82.27 94.76 73.58 95.34 97.61
P9WQA1,alphafold3_P9WQA1_model_3.pdb,alphafold3,processed/aligned_relaxed_structures/P9WQA1/alphafold3_P9WQA1_model_3.pdb,2,6.28,0.262,6.2383 4.1772 -5.4472,A_130 A_132 A_133 A_137 A_177 A_178 A_179 A_180 A_316 A_317 A_320 A_363 A_367 A_430 A_434,97.86 97.09 93.3 91.17 97.95 97.78 98.42 97.8 97.64 92.07 90.65 93.73 93.61 83.96 87.29
P9WQA1,alphafold3_P9WQA1_model_4.pdb,alphafold3,processed/aligned_relaxed_structures/P9WQA1/alphafold3_P9WQA1_model_4.pdb,1,8.14,0.367,-12.7671 1.6265 -12.8413,A_101 A_104 A_105 A_202 A_203 A_204 A_205 A_206 A_207 A_238 A_330 A_331 A_335 A_336 A_85,96.27 97.2 93.97 92.49 97.02 98.8 96.42 98.53 98.52 76.39 82.37 95.03 73.46 95.53 97.64
P9WQA1,alphafold3_P9WQA1_model_4.pdb,alphafold3,processed/aligned_relaxed_structures/P9WQA1/alphafold3_P9WQA1_model_4.pdb,2,4.05,0.133,6.3032 4.2189 -5.5264,A_130 A_132 A_133 A_177 A_178 A_180 A_316 A_367 A_431 A_434,97.84 96.93 92.91 97.94 97.63 97.76 97.41 93.21 83.63 85.42
P9WQA1,chai1_P9WQA1_model_0.pdb,chai1,processed/aligned_relaxed_structures/P9WQA1/chai1_P9WQA1_model_0.pdb,1,11.49,0.53,7.6811 8.03 -5.2373,A_130 A_132 A_133 A_137 A_155 A_177 A_178 A_179 A_180 A_183 A_316 A_317 A_320 A_363 A_367 A_423 A_424 A_427 A_430 A_431 A_434,97.38 94.61 90.2 81.53 96.48 97.35 96.66 97.7 94.22 89.05 95.82 88.71 95.47 90.25 89.98 84.51 75.16 84.93 82.04 87.96 84.01
P9WQA1,chai1_P9WQA1_model_0.pdb,chai1,processed/aligned_relaxed_structures/P9WQA1/chai1_P9WQA1_model_0.pdb,2,7.3,0.32,-12.3429 3.4824 -12.1162,A_101 A_104 A_105 A_204 A_205 A_206 A_330 A_331 A_336 A_85,92.65 94.32 85.17 98.16 96.99 97.71 86.74 94.32 88.54 95.28
P9WQA1,chai1_P9WQA1_model_1.pdb,chai1,processed/aligned_relaxed_structures/P9WQA1/chai1_P9WQA1_model_1.pdb,1,7.52,0.333,-11.7512 4.3335 -12.5,A_101 A_104 A_105 A_204 A_205 A_206 A_207 A_330 A_331 A_335 A_336 A_85,92.84 94.35 85.38 98.15 96.83 97.71 96.7 86.82 94.74 80.8 88.82 95.24
P9WQA1,chai1_P9WQA1_model_1.pdb,chai1,processed/aligned_relaxed_structures/P9WQA1/chai1_P9WQA1_model_1.pdb,2,4.11,0.136,6.7682 5.2038 -5.3349,A_130 A_132 A_133 A_178 A_180 A_183 A_317 A_320 A_363 A_367 A_430 A_431 A_434,97.35 94.57 90.12 96.66 94.29 88.9 88.92 95.44 90.16 89.96 82.06 88.08 84.03
P9WQA1,chai1_P9WQA1_model_2.pdb,chai1,processed/aligned_relaxed_structures/P9WQA1/chai1_P9WQA1_model_2.pdb,1,7.87,0.352,-11.6295 4.026 -12.3962,A_101 A_104 A_105 A_204 A_205 A_206 A_207 A_330 A_331 A_336 A_85,92.56 94.36 85.2 98.11 96.82 97.73 96.4 86.75 94.42 88.94 95.3
P9WQA1,chai1_P9WQA1_model_2.pdb,chai1,processed/aligned_relaxed_structures/P9WQA1/chai1_P9WQA1_model_2.pdb,2,5.39,0.21,6.6838 5.0288 -5.4905,A_130 A_132 A_133 A_155 A_177 A_178 A_180 A_316 A_317 A_320 A_367 A_430 A_431 A_434,97.36 94.55 90.25 96.4 97.25 96.64 94.18 95.9 88.98 95.25 90.0 82.11 88.22 83.91
P9WQA1,chai1_P9WQA1_model_3.pdb,chai1,processed/aligned_relaxed_structures/P9WQA1/chai1_P9WQA1_model_3.pdb,1,7.94,0.356,-12.9142 2.526 -12.8239,A_101 A_103 A_104 A_105 A_202 A_203 A_204 A_205 A_206 A_207 A_238 A_330 A_331 A_335 A_336 A_85,92.57 94.82 93.91 85.25 77.23 94.44 98.16 96.83 97.72 96.69 65.52 86.67 94.52 80.8 88.91 95.32
P9WQA1,chai1_P9WQA1_model_3.pdb,chai1,processed/aligned_relaxed_structures/P9WQA1/chai1_P9WQA1_model_3.pdb,2,7.26,0.318,7.3608 6.845 -5.0141,A_130 A_132 A_133 A_155 A_178 A_180 A_316 A_317 A_363 A_367 A_430 A_431 A_434,97.35 94.54 90.61 96.46 96.5 94.27 95.8 89.16 90.18 89.96 82.08 88.51 83.96
P9WQA1,chai1_P9WQA1_model_4.pdb,chai1,processed/aligned_relaxed_structures/P9WQA1/chai1_P9WQA1_model_4.pdb,1,8.62,0.393,7.2196 6.4233 -4.9234,A_130 A_132 A_133 A_155 A_178 A_179 A_180 A_183 A_316 A_317 A_363 A_367 A_430 A_431 A_434,97.37 94.29 90.26 96.34 96.66 97.71 94.28 88.65 95.78 89.01 90.17 89.95 82.1 88.42 84.13
P9WQA1,chai1_P9WQA1_model_4.pdb,chai1,processed/aligned_relaxed_structures/P9WQA1/chai1_P9WQA1_model_4.pdb,2,8.42,0.382,-12.3225 2.5121 -12.4562,A_101 A_104 A_105 A_202 A_203 A_204 A_205 A_206 A_207 A_330 A_331 A_336 A_85,92.61 94.35 85.3 77.62 94.46 98.1 96.85 97.65 96.4 86.4 94.33 88.07 95.33
P9WQA1,swissmodel_P9WQA1_model_0.pdb,swissmodel,processed/aligned_relaxed_structures/P9WQA1/swissmodel_P9WQA1_model_0.pdb,1,5.75,0.231,-11.8669 3.3043 -12.3797,A_101 A_104 A_105 A_204 A_205 A_206 A_207 A_330 A_335 A_336 A_85,0.98 0.98 0.99 0.99 0.99 0.99 0.98 0.98 0.96 0.97 0.99
P9WQA1,swissmodel_P9WQA1_model_0.pdb,swissmodel,processed/aligned_relaxed_structures/P9WQA1/swissmodel_P9WQA1_model_0.pdb,2,3.66,0.111,7.0554 5.1747 -5.0341,A_132 A_133 A_155 A_178 A_179 A_180 A_316 A_317 A_367 A_430 A_431 A_434,0.97 0.98 0.98 0.98 0.98 0.99 0.98 0.96 0.98 0.89 0.89 0.91
P9WQA1,swissmodel_P9WQA1_model_1.pdb,swissmodel,processed/aligned_relaxed_structures/P9WQA1/swissmodel_P9WQA1_model_1.pdb,1,8.8,0.403,6.1464 4.7865 -6.0286,A_130 A_131 A_132 A_133 A_177 A_178 A_180 A_316 A_317 A_320 A_367 A_430 A_431 A_434,0.89 0.85 0.88 0.88 0.9 0.9 0.9 0.87 0.85 0.88 0.78 0.76 0.76 0.83
