name     ,  rank,   score, probability, sas_points, surf_atoms,   center_x,   center_y,   center_z, residue_ids, surf_atom_ids
pocket1  ,     1,   25.95,       0.870,        132,         72,     5.1258,   -26.1199,     1.3738, A_127 A_153 A_157 A_158 A_159 A_160 A_161 A_171 A_173 A_175 A_188 A_189 A_192 A_197 A_199 A_200 A_231 A_232 A_233 A_235 A_236 A_67 A_70 A_79 A_80 A_81 A_84 A_86, 1063 1114 1238 1242 1243 1260 1265 1267 1276 1279 1283 1328 1329 1330 1331 1332 1333 1334 1366 1367 1368 1985 2406 2407 2408 2409 2460 2462 2463 2464 2465 2466 2477 2488 2507 2510 2512 2514 2533 2656 2680 2681 2717 2890 2901 2952 2953 2954 3040 3043 3044 3045 3068 3069 3070 3092 3096 3097 3098 3099 3590 3591 3592 3598 3599 3613 3614 3640 3644 3657 3658 3659
pocket2  ,     2,   11.29,       0.521,         86,         40,    -7.2632,    -0.5790,    22.9135, A_463 A_465 A_468 A_514 A_517 A_518 A_545 A_548 A_551 A_664 A_667 A_668 A_669 A_670 A_673 A_674 A_687 A_688, 7141 7170 7171 7173 7216 7917 7957 7958 7960 7966 7967 8316 8362 8363 8364 8365 8366 8367 8422 8425 10129 10173 10176 10187 10202 10204 10205 10221 10222 10258 10261 10262 10273 10277 10280 10281 10475 10484 10485 10487
pocket3  ,     3,    8.98,       0.413,         86,         34,   -10.1996,   -10.5150,     9.7784, A_23 A_24 A_25 A_26 A_28 A_29 A_294 A_295 A_346 A_43 A_64 A_653 A_657 A_663 A_664 A_667 A_668 A_669, 380 381 394 403 406 412 416 417 442 464 465 671 674 1011 4586 4591 4592 4593 5375 5378 9971 9972 10032 10034 10035 10036 10116 10117 10126 10172 10185 10195 10198 10201
pocket4  ,     4,    6.61,       0.282,         88,         38,    -7.4143,   -17.8632,    17.5211, A_21 A_22 A_23 A_25 A_29 A_43 A_44 A_46 A_47 A_55 A_56 A_58 A_59 A_652 A_653 A_654 A_669 A_670 A_671 A_92, 349 362 366 367 380 383 406 464 465 668 670 671 674 693 725 743 744 874 886 887 889 891 921 936 1448 9956 9969 9972 9989 9990 9991 10198 10217 10230 10234 10235 10236 10237
pocket5  ,     5,    5.79,       0.233,         48,         29,   -11.6211,    -2.6038,     2.0582, A_294 A_295 A_296 A_298 A_350 A_353 A_357 A_601 A_603 A_619 A_621 A_662 A_663 A_665, 4586 4592 4593 4602 4603 4604 4605 4629 5438 5484 5486 5563 9159 9184 9185 9186 9438 9439 9442 9481 10095 10099 10100 10113 10116 10117 10143 10146 10148
pocket6  ,     6,    2.95,       0.077,         42,         21,    -1.0794,    -1.4357,     2.5391, A_28 A_298 A_302 A_303 A_304 A_305 A_35 A_665 A_666 A_711 A_713, 445 554 4625 4628 4674 4684 4690 4694 4696 4697 4698 4714 10145 10149 10151 10152 10163 10165 10792 10793 10813
pocket7  ,     7,    2.89,       0.074,         43,         16,     4.5939,   -14.0033,   -17.4380, A_277 A_278 A_281 A_285 A_314 A_317 A_318 A_321 A_412 A_71 A_74 A_76, 1122 1124 1168 1195 4300 4316 4318 4387 4448 4893 4894 4895 4951 4975 5019 6374
pocket8  ,     8,    2.73,       0.067,         24,         13,     9.3832,    -1.3916,    -8.3783, A_301 A_306 A_407 A_426 A_427 A_430 A_434, 4660 4726 4727 4729 4730 4731 6286 6568 6584 6587 6641 6642 6704
pocket9  ,     9,    2.70,       0.065,         41,         26,     6.6721,   -13.2922,    14.5485, A_162 A_164 A_165 A_166 A_167 A_207 A_30 A_31 A_32 A_33 A_42 A_45 A_46 A_49 A_51, 480 493 494 495 496 507 522 654 708 709 725 726 780 807 808 2547 2568 2572 2586 2587 2588 2598 2599 2608 2611 3217
pocket10 ,    10,    2.26,       0.046,         10,         14,   -11.0546,     3.4354,    15.1354, A_518 A_584 A_604 A_607 A_662 A_664 A_685 A_686 A_687, 7969 8913 9203 9204 9235 10097 10128 10129 10130 10443 10446 10457 10477 10478
pocket11 ,    11,    1.37,       0.014,         13,         19,     4.0217,    -1.8820,   -11.9175, A_301 A_306 A_309 A_310 A_313 A_400 A_404 A_406 A_408, 4663 4727 4729 4731 4782 4783 4801 4802 4805 4806 4869 6182 6184 6242 6270 6271 6304 6305 6307
pocket12 ,    12,    0.90,       0.004,         22,         11,     9.2681,     4.2969,    26.3284, A_449 A_450 A_451 A_454 A_505 A_544 A_545 A_552 A_554, 6946 6955 6971 7012 7014 7764 7765 8295 8311 8443 8479
pocket13 ,    13,    0.85,       0.003,         17,         10,   -12.6617,    20.9986,    22.3001, A_575 A_579 A_582 A_611 A_612 A_722 A_723 A_726, 8773 8850 8887 9300 9302 9312 10960 10963 10982 11026
