	P9WFS9 (tRNA)	P9WFT1 (tRNA)	P9WFT3 (tRNA)	P9WFT5 (tRNA)	P9WFT7 (tRNA)	P9WFT9 (tRNA)	P9WFU1 (tRNA)	P9WFU3 (tRNA)	P9WFU5 (tRNA)	P9WFU9 (tRNA)	P9WFV1 (tRNA)	P9WFV3 (tRNA)	P9WFV5 (tRNA)	P9WFV7 (tRNA)	P9WFV9 (tRNA)	P9WFW1 (tRNA)	P9WFW3 (tRNA)	P9WFW5 (tRNA)	P9WFW7 (tRNA)	P9WN61 (tRNA)	P9WQA1 (tRNA)	O05892	O33289	O53281	O53368	O69721	P0DV54	P9WF61	P9WFG1	P9WHZ3	P9WIA1	P9WIA5	P9WIJ5	P9WJ37	P9WJB9	P9WJH7	P9WK25	P9WK33	P9WK95	P9WKG9	P9WND7	P9WPF1	P9WPH9	P9WQ19	P9WQ55	P9WQL5
P9WFS9 (tRNA)	100.0	34.1463	34.6386	25.9259	30.7317	27.3852	27.7092	37.092	34.004	30.8	33.2394	30.8422	33.5784	30.735	31.3525	31.0044	28.6477	29.6296	25.7218	32.1888	31.2102	38.8626	41.954	32.7759	42.6471	36.8421	53.125	42.5373	39.604	30.504	44.4444	25.9669	45.2489	42.6667	42.6087	49.2188	28.0	43.7811	41.4141	38.961	28.9744	31.701	28.3364	27.4194	27.2031	32.8652
P9WFT1 (tRNA)	34.1463	100.0	25.641	29.7821	24.8677	25.9709	32.8537	26.2987	29.0055	26.1965	33.414	34.0476	28.9694	25.2604	26.4	27.5482	30.0752	26.1084	31.6547	26.1421	26.9521	31.2796	32.3699	25.1724	33.8346	24.6753	42.1875	40.2985	26.8456	23.2759	34.5679	32.3607	29.2237	44.5946	42.3423	34.5588	25.6659	30.4569	34.1837	34.1014	26.8072	28.2799	26.2887	26.5356	26.5092	24.1176
P9WFT3 (tRNA)	34.6386	25.641	100.0	29.5732	27.0701	29.7546	32.0359	28.4698	24.9231	23.6364	36.1446	32.8358	27.6074	30.363	25.6173	26.9697	33.9564	28.9157	32.3353	29.1925	30.625	31.5789	33.3333	25.6228	30.597	28.9286	35.9375	37.3134	23.9726	26.7797	34.8101	25.3823	30.6977	37.3333	38.2609	32.5926	29.6073	28.7879	28.7179	28.3784	25.3205	24.918	33.642	29.4479	27.8788	23.2558
P9WFT5 (tRNA)	25.9259	29.7821	29.5732	100.0	29.3827	25.6881	27.0062	35.3659	25.1012	28.6013	30.3406	26.4179	31.0513	29.0618	29.2576	26.3736	27.0567	24.6704	24.812	28.1184	28.7912	30.3318	37.931	31.2925	40.4412	33.657	49.2063	45.8647	30.6931	28.2322	40.8805	24.4275	35.5856	46.6667	39.1304	39.5522	26.9307	34.8259	37.3737	38.6957	28.9003	29.7436	25.1838	31.8565	27.6134	25.1412
P9WFT7 (tRNA)	30.7317	24.8677	27.0701	29.3827	100.0	30.1587	29.5673	26.2195	25.7069	24.9364	36.8932	32.4519	28.9773	25.7895	29.3814	27.7333	29.803	28.5	31.0843	24.8101	23.0769	32.8502	34.104	24.7387	34.0909	26.2136	37.5	44.0299	26.5993	28.0347	34.9693	23.6181	31.0185	37.3333	39.1304	38.9706	29.4271	35.3535	30.6122	34.9776	21.7391	23.8764	26.1965	27.7641	30.0752	25.0765
P9WFT9 (tRNA)	27.3852	25.9709	29.7546	25.6881	30.1587	100.0	30.9654	29.0801	22.1095	25.5556	32.2751	30.0175	30.6763	28.271	28.9823	32.3113	27.49	23.6253	29.6491	28.3516	29.2683	36.019	35.6322	31.7406	38.2353	27.4143	46.875	44.0299	30.4636	31.1111	39.7516	26.5934	36.6516	46.6667	40.0	41.9118	25.4098	38.5	34.3434	35.6522	28.7599	28.0105	28.6013	24.9497	27.5574	30.2857
P9WFU1 (tRNA)	27.7092	32.8537	32.0359	27.0062	29.5673	30.9654	100.0	32.9341	28.9157	29.6524	27.7929	27.0833	32.0197	29.6943	33.0472	28.9823	28.7234	28.1132	25.876	28.5141	29.3996	33.8095	36.9942	36.1775	40.4412	39.4322	43.75	38.0597	34.7541	34.6774	41.7722	28.4644	39.9061	50.6667	41.7391	44.1176	26.8571	42.2886	40.404	40.2597	36.1039	32.2165	28.4672	27.9857	26.9303	31.5942
P9WFU3 (tRNA)	37.092	26.2987	28.4698	35.3659	26.2195	29.0801	32.9341	100.0	31.6923	27.7603	32.6471	37.1257	32.1543	28.0255	31.1897	27.3006	29.1667	29.3413	35.905	30.2839	29.6296	32.8431	35.0575	21.4815	27.9412	26.9663	32.8125	38.0597	27.7778	27.4247	31.2883	27.2171	27.907	41.3333	34.7826	29.6296	27.6786	28.6432	29.3194	32.0755	28.3784	25.5591	29.0419	28.869	32.2188	22.3333
P9WFU5 (tRNA)	34.004	29.0055	24.9231	25.1012	25.7069	22.1095	28.9157	31.6923	100.0	25.2294	32.9167	33.9357	25.75	27.027	27.6744	27.896	29.5503	27.9279	28.0632	25.2273	26.8349	34.2857	36.2069	28.4247	36.7647	29.4872	46.875	40.6015	29.2359	27.7333	38.2166	29.1469	28.6364	45.3333	42.6087	33.0882	24.07	32.1429	33.3333	32.9004	28.9894	25.9358	23.6203	26.1411	24.6606	24.1379
P9WFU9 (tRNA)	30.8	26.1965	23.6364	28.6013	24.9364	25.5556	29.6524	27.7603	25.2294	100.0	32.0487	31.6633	27.5773	23.5714	24.5863	24.7059	30.3493	26.3274	30.2905	22.6757	22.2738	34.4498	40.6977	25.5034	33.0882	27.9365	39.0625	47.7612	31.4189	24.1287	30.6748	22.3427	34.8624	50.0	38.2609	38.0597	28.7703	31.3433	30.8081	34.8018	27.5401	25.7979	30.9633	25.0518	23.913	24.3553
P9WFV1 (tRNA)	33.2394	33.414	36.1446	30.3406	36.8932	32.2751	27.7929	32.6471	32.9167	32.0487	100.0	25.8581	37.1007	29.1391	33.4746	33.7004	29.8611	29.1045	24.1505	32.1212	31.7623	40.4762	45.6647	37.3333	41.9118	33.6449	62.5	45.5224	34.6405	31.4961	43.2099	31.6981	40.9091	54.6667	48.6957	46.3235	28.0669	42.0	39.7959	44.1558	32.9843	35.8442	30.1989	28.4734	32.6996	32.6761
P9WFV3 (tRNA)	30.8422	34.0476	32.8358	26.4179	32.4519	30.0175	27.0833	37.1257	33.9357	31.6633	25.8581	100.0	35.0242	32.7511	33.6798	34.632	28.4247	32.5234	24.9106	31.0277	30.7054	45.7143	44.8276	39.3939	37.5	37.1517	50.0	40.2985	38.0328	35.7333	48.1481	31.215	41.4414	48.0	51.3043	44.1176	30.7263	38.806	43.4343	40.6926	33.4177	34.0153	29.0265	28.9655	30.9886	32.3034
P9WFV5 (tRNA)	33.5784	28.9694	27.6074	31.0513	28.9773	30.6763	32.0197	32.1543	25.75	27.5773	37.1007	35.0242	100.0	26.6304	28.0654	26.2467	28.8889	26.8949	38.1068	24.0099	24.4845	32.5243	27.0115	26.8041	37.5	24.8408	39.0625	44.3609	32.3843	29.4618	36.4198	26.8041	31.6514	45.3333	33.913	38.5185	27.0677	32.8358	33.1633	32.7434	26.5027	24.2938	25.4237	23.8095	28.25	24.7706
P9WFV7 (tRNA)	30.735	25.2604	30.363	29.0618	25.7895	28.271	29.6943	28.0255	27.027	23.5714	29.1391	32.7511	26.6304	100.0	25.3659	25.3102	26.0143	25.0	30.0439	25.5981	24.5742	31.8841	31.7073	27.7027	33.0882	27.0627	42.1875	38.3459	25.9386	25.2874	28.3951	21.831	27.6498	44.0	35.6522	35.2941	26.2791	28.3582	34.8718	26.087	27.0655	26.3158	25.3488	24.3243	22.3256	24.3161
P9WFV9 (tRNA)	31.3525	26.4	25.6173	29.2576	29.3814	28.9823	33.0472	31.1897	27.6744	24.5863	33.4746	33.6798	28.0654	25.3659	100.0	30.1047	27.2523	26.2806	30.0	29.7872	26.1959	31.7536	29.4798	26.2411	35.0746	27.8997	29.6875	37.594	26.2295	25.4795	37.8882	25.3968	34.4186	41.3333	42.6087	36.7647	24.3678	33.8384	33.3333	31.7391	31.1111	22.2222	25.4818	27.2109	22.1978	25.6637
P9WFW1 (tRNA)	31.0044	27.5482	26.9697	26.3736	27.7333	32.3113	28.9823	27.3006	27.896	24.7059	33.7004	34.632	26.2467	25.3102	30.1047	100.0	26.6821	28.2974	31.5904	24.4131	30.7494	28.436	35.2941	27.5168	35.2941	31.1258	50.0	38.1679	28.7625	27.4854	36.7089	25.1748	28.5068	45.2055	31.8584	35.5556	21.5556	29.5337	35.2941	30.5677	27.5072	23.8727	24.4292	29.3367	27.0142	27.4052
P9WFW3 (tRNA)	28.6477	30.0752	33.9564	27.0567	29.803	27.49	28.7234	29.1667	29.5503	30.3493	29.8611	28.4247	28.8889	26.0143	27.2523	26.6821	100.0	24.898	28.7253	24.0506	25.2654	39.1753	33.908	27.3649	37.594	33.3333	39.0625	44.7761	27.2131	30.6407	34.9693	21.3861	32.1101	48.0	42.6087	42.1053	24.0557	35.3234	39.899	30.3571	28.3422	28.0	26.0606	24.7582	29.2017	26.6289
P9WFW5 (tRNA)	29.6296	26.1084	28.9157	24.6704	28.5	23.6253	28.1132	29.3413	27.9279	26.3274	29.1045	32.5234	26.8949	25.0	26.2806	28.2974	24.898	100.0	31.8095	26.2693	28.125	37.799	34.8837	29.6667	35.5556	28.5714	48.4375	41.791	31.7726	28.5714	38.3648	26.1954	35.5856	49.3333	41.2281	38.5185	25.6729	32.3383	33.1606	33.1858	27.1053	23.2984	24.498	26.2156	21.0204	25.4902
P9WFW7 (tRNA)	25.7218	31.6547	32.3353	24.812	31.0843	29.6491	25.876	35.905	28.0632	30.2905	24.1505	24.9106	38.1068	30.0439	30.0	31.5904	28.7253	31.8095	100.0	32.2105	31.07	38.8626	40.2299	34.7826	43.3824	35.514	57.8125	46.2687	35.6209	33.3333	42.3313	26.422	40.5405	53.3333	42.6087	42.963	29.1902	35.3234	40.404	41.5584	29.6675	31.0256	27.1277	24.5763	29.7552	36.7816
P9WN61 (tRNA)	32.1888	26.1421	29.1925	28.1184	24.8101	28.3516	28.5141	30.2839	25.2273	22.6757	32.1212	31.0277	24.0099	25.5981	29.7872	24.4131	24.0506	26.2693	32.2105	100.0	26.2774	31.2195	38.8235	30.3887	41.9847	29.4702	46.875	32.3308	31.3131	26.4305	36.1963	23.3115	33.4842	33.3333	40.0	37.5	26.6376	32.3232	34.3434	35.2423	29.805	27.0557	23.1579	22.833	28.5714	29.4461
P9WQA1 (tRNA)	31.2102	26.9521	30.625	28.7912	23.0769	29.2683	29.3996	29.6296	26.8349	22.2738	31.7623	30.7054	24.4845	24.5742	26.1959	30.7494	25.2654	28.125	31.07	26.2774	100.0	31.2796	38.5057	30.0353	36.5672	31.457	42.1875	36.8421	32.5424	25.6065	37.8882	25.885	33.1818	50.6667	44.3478	35.6061	22.4401	32.3383	32.3232	33.7662	27.4667	25.3444	26.1339	25.3898	23.4136	25.7669
O05892	38.8626	31.2796	31.5789	30.3318	32.8502	36.019	33.8095	32.8431	34.2857	34.4498	40.4762	45.7143	32.5243	31.8841	31.7536	28.436	39.1753	37.799	38.8626	31.2195	31.2796	100.0	26.087	27.5362	25.5639	29.8077	26.5625	28.5714	33.6683	32.3529	31.5789	35.0962	26.8421	30.6667	23.4783	28.1481	35.545	25.3968	26.1364	28.1609	26.1905	29.5238	34.2857	35.2381	35.2381	25.5
O33289	41.954	32.3699	33.3333	37.931	34.104	35.6322	36.9942	35.0575	36.2069	40.6977	45.6647	44.8276	27.0115	31.7073	29.4798	35.2941	33.908	34.8837	40.2299	38.8235	38.5057	26.087	100.0	27.381	22.7273	30.9942	30.6452	25.1908	27.6471	31.9767	26.0274	37.2093	22.9412	29.7297	28.7037	27.7778	35.625	22.8395	23.5669	29.1667	27.5862	31.5789	34.5029	36.5269	35.0575	30.5882
O53281	32.7759	25.1724	25.6228	31.2925	24.7387	31.7406	36.1775	21.4815	28.4247	25.5034	37.3333	39.3939	26.8041	27.7027	26.2411	27.5168	27.3649	29.6667	34.7826	30.3887	30.0353	27.5362	27.381	100.0	30.8271	27.9528	39.0625	29.8507	25.2918	26.3158	32.4675	29.8305	29.1262	33.3333	34.8214	27.2727	34.3972	26.9231	29.2929	25.8216	23.6749	29.4118	27.0548	29.6928	30.4054	28.2051
O53368	42.6471	33.8346	30.597	40.4412	34.0909	38.2353	40.4412	27.9412	36.7647	33.0882	41.9118	37.5	37.5	33.0882	35.0746	35.2941	37.594	35.5556	43.3824	41.9847	36.5672	25.5639	22.7273	30.8271	100.0	35.8209	25.0	24.5614	31.1111	35.2	21.6	39.2593	31.7829	33.3333	20.0	26.2712	34.8485	26.9231	22.5564	32.2581	37.037	37.5	34.5588	34.8148	34.5865	30.8271
O69721	36.8421	24.6753	28.9286	33.657	26.2136	27.4143	39.4322	26.9663	29.4872	27.9365	33.6449	37.1517	24.8408	27.0627	27.8997	31.1258	33.3333	28.5714	35.514	29.4702	31.457	29.8077	30.9942	27.9528	35.8209	100.0	36.5079	38.6364	26.7925	32.5503	35.4037	28.754	30.4348	43.0556	33.913	34.3284	29.3375	29.8913	26.2887	32.3009	31.5615	26.5781	29.4671	28.6164	29.9685	26.5734
P0DV54	53.125	42.1875	35.9375	49.2063	37.5	46.875	43.75	32.8125	46.875	39.0625	62.5	50.0	39.0625	42.1875	29.6875	50.0	39.0625	48.4375	57.8125	46.875	42.1875	26.5625	30.6452	39.0625	25.0	36.5079	100.0	23.4375	40.625	37.5	38.7097	35.9375	32.2581	14.0625	20.3125	26.9841	48.4375	29.6875	31.25	34.375	43.5484	39.0625	48.4375	45.3125	42.1875	31.25
P9WF61	42.5373	40.2985	37.3134	45.8647	44.0299	44.0299	38.0597	38.0597	40.6015	47.7612	45.5224	40.2985	44.3609	38.3459	37.594	38.1679	44.7761	41.791	46.2687	32.3308	36.8421	28.5714	25.1908	29.8507	24.5614	38.6364	23.4375	100.0	33.3333	41.5385	26.7717	35.3383	31.405	29.3333	23.8532	26.4463	34.3284	26.7176	25.9843	29.3233	37.1212	31.5789	43.2836	32.8358	46.2687	30.0752
P9WFG1	39.604	26.8456	23.9726	30.6931	26.5993	30.4636	34.7541	27.7778	29.2359	31.4189	34.6405	38.0328	32.3843	25.9386	26.2295	28.7625	27.2131	31.7726	35.6209	31.3131	32.5424	33.6683	27.6471	25.2918	31.1111	26.7925	40.625	33.3333	100.0	27.7966	30.2469	29.0	27.0642	41.3333	35.6522	32.3529	30.303	29.4416	27.551	27.3973	23.569	27.8746	33.4471	31.457	32.7759	22.2222
P9WHZ3	30.504	23.2759	26.7797	28.2322	28.0347	31.1111	34.6774	27.4247	27.7333	24.1287	31.4961	35.7333	29.4618	25.2874	25.4795	27.4854	30.6407	28.5714	33.3333	26.4305	25.6065	32.3529	31.9767	26.3158	35.2	32.5503	37.5	41.5385	27.7966	100.0	30.4348	30.6407	34.434	40.0	40.8696	29.1045	26.4463	33.3333	29.1667	28.9474	24.1379	22.6629	26.8817	28.3333	27.9891	24.0385
P9WIA1	44.4444	34.5679	34.8101	40.8805	34.9693	39.7516	41.7722	31.2883	38.2166	30.6748	43.2099	48.1481	36.4198	28.3951	37.8882	36.7089	34.9693	38.3648	42.3313	36.1963	37.8882	31.5789	26.0274	32.4675	21.6	35.4037	38.7097	26.7717	30.2469	30.4348	100.0	32.5153	27.5	35.1351	35.1351	30.1587	40.8805	25.3425	23.4177	27.8481	35.8491	28.2209	44.6541	36.4198	38.0368	30.0
P9WIA5	25.9669	32.3607	25.3823	24.4275	23.6181	26.5934	28.4644	27.2171	29.1469	22.3427	31.6981	31.215	26.8041	21.831	25.3968	25.1748	21.3861	26.1954	26.422	23.3115	25.885	35.0962	37.2093	29.8305	39.2593	28.754	35.9375	35.3383	29.0	30.6407	32.5153	100.0	35.9447	48.0	41.7391	34.5588	25.5319	35.3234	32.9949	34.2105	26.1333	24.3316	25.4777	22.9376	24.3187	27.0349
P9WIJ5	45.2489	29.2237	30.6977	35.5856	31.0185	36.6516	39.9061	27.907	28.6364	34.8624	40.9091	41.4414	31.6514	27.6498	34.4186	28.5068	32.1101	35.5856	40.5405	33.4842	33.1818	26.8421	22.9412	29.1262	31.7829	30.4348	32.2581	31.405	27.0642	34.434	27.5	35.9447	100.0	37.3333	29.2035	28.5714	33.1754	19.5876	21.4689	25.0	33.4862	24.6575	34.3891	31.8182	35.9813	31.6038
P9WJ37	42.6667	44.5946	37.3333	46.6667	37.3333	46.6667	50.6667	41.3333	45.3333	50.0	54.6667	48.0	45.3333	44.0	41.3333	45.2055	48.0	49.3333	53.3333	33.3333	50.6667	30.6667	29.7297	33.3333	33.3333	43.0556	14.0625	29.3333	41.3333	40.0	35.1351	48.0	37.3333	100.0	23.9437	35.6164	45.3333	32.0	28.7671	36.0	32.4324	34.6667	45.3333	42.6667	44.0	41.3333
P9WJB9	42.6087	42.3423	38.2609	39.1304	39.1304	40.0	41.7391	34.7826	42.6087	38.2609	48.6957	51.3043	33.913	35.6522	42.6087	31.8584	42.6087	41.2281	42.6087	40.0	44.3478	23.4783	28.7037	34.8214	20.0	33.913	20.3125	23.8532	35.6522	40.8696	35.1351	41.7391	29.2035	23.9437	100.0	20.1835	35.9649	27.8261	21.9298	30.6306	36.5217	32.1739	40.0	31.3043	37.1681	40.1869
P9WJH7	49.2188	34.5588	32.5926	39.5522	38.9706	41.9118	44.1176	29.6296	33.0882	38.0597	46.3235	44.1176	38.5185	35.2941	36.7647	35.5556	42.1053	38.5185	42.963	37.5	35.6061	28.1481	27.7778	27.2727	26.2712	34.3284	26.9841	26.4463	32.3529	29.1045	30.1587	34.5588	28.5714	35.6164	20.1835	100.0	36.0294	31.4516	24.2424	29.6296	37.5	33.0827	42.6471	35.2941	39.7059	32.3529
P9WK25	28.0	25.6659	29.6073	26.9307	29.4271	25.4098	26.8571	27.6786	24.07	28.7703	28.0669	30.7263	27.0677	26.2791	24.3678	21.5556	24.0557	25.6729	29.1902	26.6376	22.4401	35.545	35.625	34.3972	34.8485	29.3375	48.4375	34.3284	30.303	26.4463	40.8805	25.5319	33.1754	45.3333	35.9649	36.0294	100.0	37.0558	34.3434	38.4956	25.4545	26.8617	26.9874	22.7092	25.1586	29.1785
P9WK33	43.7811	30.4569	28.7879	34.8259	35.3535	38.5	42.2886	28.6432	32.1429	31.3433	42.0	38.806	32.8358	28.3582	33.8384	29.5337	35.3234	32.3383	35.3234	32.3232	32.3383	25.3968	22.8395	26.9231	26.9231	29.8913	29.6875	26.7176	29.4416	33.3333	25.3425	35.3234	19.5876	32.0	27.8261	31.4516	37.0558	100.0	23.7288	28.4916	34.8718	29.3194	28.3582	35.6784	39.899	23.8806
P9WK95	41.4141	34.1837	28.7179	37.3737	30.6122	34.3434	40.404	29.3194	33.3333	30.8081	39.7959	43.4343	33.1633	34.8718	33.3333	35.2941	39.899	33.1606	40.404	34.3434	32.3232	26.1364	23.5669	29.2929	22.5564	26.2887	31.25	25.9843	27.551	29.1667	23.4177	32.9949	21.4689	28.7671	21.9298	24.2424	34.3434	23.7288	100.0	31.1377	29.4737	34.555	36.7876	37.2449	34.6939	30.4124
P9WKG9	38.961	34.1014	28.3784	38.6957	34.9776	35.6522	40.2597	32.0755	32.9004	34.8018	44.1558	40.6926	32.7434	26.087	31.7391	30.5677	30.3571	33.1858	41.5584	35.2423	33.7662	28.1609	29.1667	25.8216	32.2581	32.3009	34.375	29.3233	27.3973	28.9474	27.8481	34.2105	25.0	36.0	30.6306	29.6296	38.4956	28.4916	31.1377	100.0	34.375	29.9559	34.4978	35.2174	34.1991	26.3393
P9WND7	28.9744	26.8072	25.3205	28.9003	21.7391	28.7599	36.1039	28.3784	28.9894	27.5401	32.9843	33.4177	26.5027	27.0655	31.1111	27.5072	28.3422	27.1053	29.6675	29.805	27.4667	26.1905	27.5862	23.6749	37.037	31.5615	43.5484	37.1212	23.569	24.1379	35.8491	26.1333	33.4862	32.4324	36.5217	37.5	25.4545	34.8718	29.4737	34.375	100.0	22.9692	29.0909	25.7143	28.0	27.3333
P9WPF1	31.701	28.2799	24.918	29.7436	23.8764	28.0105	32.2165	25.5591	25.9358	25.7979	35.8442	34.0153	24.2938	26.3158	22.2222	23.8727	28.0	23.2984	31.0256	27.0557	25.3444	29.5238	31.5789	29.4118	37.5	26.5781	39.0625	31.5789	27.8746	22.6629	28.2209	24.3316	24.6575	34.6667	32.1739	33.0827	26.8617	29.3194	34.555	29.9559	22.9692	100.0	25.4237	26.5416	23.4211	29.1525
P9WPH9	28.3364	26.2887	33.642	25.1838	26.1965	28.6013	28.4672	29.0419	23.6203	30.9633	30.1989	29.0265	25.4237	25.3488	25.4818	24.4292	26.0606	24.498	27.1277	23.1579	26.1339	34.2857	34.5029	27.0548	34.5588	29.4671	48.4375	43.2836	33.4471	26.8817	44.6541	25.4777	34.3891	45.3333	40.0	42.6471	26.9874	28.3582	36.7876	34.4978	29.0909	25.4237	100.0	24.0157	25.7485	27.6471
P9WQ19	27.4194	26.5356	29.4479	31.8565	27.7641	24.9497	27.9857	28.869	26.1411	25.0518	28.4734	28.9655	23.8095	24.3243	27.2109	29.3367	24.7582	26.2156	24.5763	22.833	25.3898	35.2381	36.5269	29.6928	34.8148	28.6164	45.3125	32.8358	31.457	28.3333	36.4198	22.9376	31.8182	42.6667	31.3043	35.2941	22.7092	35.6784	37.2449	35.2174	25.7143	26.5416	24.0157	100.0	23.3607	26.513
P9WQ55	27.2031	26.5092	27.8788	27.6134	30.0752	27.5574	26.9303	32.2188	24.6606	23.913	32.6996	30.9886	28.25	22.3256	22.1978	27.0142	29.2017	21.0204	29.7552	28.5714	23.4136	35.2381	35.0575	30.4054	34.5865	29.9685	42.1875	46.2687	32.7759	27.9891	38.0368	24.3187	35.9813	44.0	37.1681	39.7059	25.1586	39.899	34.6939	34.1991	28.0	23.4211	25.7485	23.3607	100.0	28.863
P9WQL5	32.8652	24.1176	23.2558	25.1412	25.0765	30.2857	31.5942	22.3333	24.1379	24.3553	32.6761	32.3034	24.7706	24.3161	25.6637	27.4052	26.6289	25.4902	36.7816	29.4461	25.7669	25.5	30.5882	28.2051	30.8271	26.5734	31.25	30.0752	22.2222	24.0385	30.0	27.0349	31.6038	41.3333	40.1869	32.3529	29.1785	23.8806	30.4124	26.3393	27.3333	29.1525	27.6471	26.513	28.863	100.0
