file_name_1,file_name_2,rmsd
alphafold2_P9WFW1_model_0.pdb,alphafold2_P9WFW7_model_0.pdb,16.16
alphafold2_P9WFW1_model_0.pdb,alphafold3_P9WFW7_model_0.pdb,14.87
alphafold2_P9WFW1_model_0.pdb,alphafold3_P9WFW7_model_1.pdb,19.1
alphafold2_P9WFW1_model_0.pdb,alphafold3_P9WFW7_model_2.pdb,18.87
alphafold2_P9WFW1_model_0.pdb,alphafold3_P9WFW7_model_3.pdb,15.67
alphafold2_P9WFW1_model_0.pdb,alphafold3_P9WFW7_model_4.pdb,15.38
alphafold2_P9WFW1_model_0.pdb,chai1_P9WFW7_model_0.pdb,18.02
alphafold2_P9WFW1_model_0.pdb,chai1_P9WFW7_model_1.pdb,20.62
alphafold2_P9WFW1_model_0.pdb,chai1_P9WFW7_model_2.pdb,17.57
alphafold2_P9WFW1_model_0.pdb,chai1_P9WFW7_model_3.pdb,14.71
alphafold2_P9WFW1_model_0.pdb,swissmodel_P9WFW7_model_0.pdb,16.99
alphafold2_P9WFW1_model_0.pdb,swissmodel_P9WFW7_model_2.pdb,14.38
alphafold2_P9WFW1_model_0.pdb,swissmodel_P9WFW7_model_4.pdb,15.88
alphafold3_P9WFW1_model_0.pdb,alphafold2_P9WFW7_model_0.pdb,18.4
alphafold3_P9WFW1_model_0.pdb,alphafold3_P9WFW7_model_0.pdb,19.27
alphafold3_P9WFW1_model_0.pdb,alphafold3_P9WFW7_model_1.pdb,18.21
alphafold3_P9WFW1_model_0.pdb,alphafold3_P9WFW7_model_2.pdb,19.11
alphafold3_P9WFW1_model_0.pdb,alphafold3_P9WFW7_model_3.pdb,20.54
alphafold3_P9WFW1_model_0.pdb,alphafold3_P9WFW7_model_4.pdb,18.52
alphafold3_P9WFW1_model_0.pdb,chai1_P9WFW7_model_0.pdb,19.93
alphafold3_P9WFW1_model_0.pdb,chai1_P9WFW7_model_1.pdb,20.58
alphafold3_P9WFW1_model_0.pdb,chai1_P9WFW7_model_2.pdb,18.49
alphafold3_P9WFW1_model_0.pdb,chai1_P9WFW7_model_3.pdb,20.3
alphafold3_P9WFW1_model_0.pdb,swissmodel_P9WFW7_model_0.pdb,19.29
alphafold3_P9WFW1_model_0.pdb,swissmodel_P9WFW7_model_2.pdb,13.8
alphafold3_P9WFW1_model_0.pdb,swissmodel_P9WFW7_model_4.pdb,15.12
alphafold3_P9WFW1_model_1.pdb,alphafold2_P9WFW7_model_0.pdb,15.95
alphafold3_P9WFW1_model_1.pdb,alphafold3_P9WFW7_model_0.pdb,13.72
alphafold3_P9WFW1_model_1.pdb,alphafold3_P9WFW7_model_1.pdb,19.58
alphafold3_P9WFW1_model_1.pdb,alphafold3_P9WFW7_model_2.pdb,18.99
alphafold3_P9WFW1_model_1.pdb,alphafold3_P9WFW7_model_3.pdb,19.15
alphafold3_P9WFW1_model_1.pdb,alphafold3_P9WFW7_model_4.pdb,16.9
alphafold3_P9WFW1_model_1.pdb,chai1_P9WFW7_model_0.pdb,17.17
alphafold3_P9WFW1_model_1.pdb,chai1_P9WFW7_model_1.pdb,19.85
alphafold3_P9WFW1_model_1.pdb,chai1_P9WFW7_model_2.pdb,17.04
alphafold3_P9WFW1_model_1.pdb,chai1_P9WFW7_model_3.pdb,19.82
alphafold3_P9WFW1_model_1.pdb,swissmodel_P9WFW7_model_0.pdb,17.21
alphafold3_P9WFW1_model_1.pdb,swissmodel_P9WFW7_model_2.pdb,13.98
alphafold3_P9WFW1_model_1.pdb,swissmodel_P9WFW7_model_4.pdb,18.16
alphafold3_P9WFW1_model_2.pdb,alphafold2_P9WFW7_model_0.pdb,17.65
alphafold3_P9WFW1_model_2.pdb,alphafold3_P9WFW7_model_0.pdb,17.47
alphafold3_P9WFW1_model_2.pdb,alphafold3_P9WFW7_model_1.pdb,19.4
alphafold3_P9WFW1_model_2.pdb,alphafold3_P9WFW7_model_2.pdb,17.44
alphafold3_P9WFW1_model_2.pdb,alphafold3_P9WFW7_model_3.pdb,19.01
alphafold3_P9WFW1_model_2.pdb,alphafold3_P9WFW7_model_4.pdb,17.11
alphafold3_P9WFW1_model_2.pdb,chai1_P9WFW7_model_0.pdb,16.27
alphafold3_P9WFW1_model_2.pdb,chai1_P9WFW7_model_1.pdb,20.52
alphafold3_P9WFW1_model_2.pdb,chai1_P9WFW7_model_2.pdb,18.6
alphafold3_P9WFW1_model_2.pdb,chai1_P9WFW7_model_3.pdb,16.38
alphafold3_P9WFW1_model_2.pdb,swissmodel_P9WFW7_model_0.pdb,17.73
alphafold3_P9WFW1_model_2.pdb,swissmodel_P9WFW7_model_2.pdb,16.17
alphafold3_P9WFW1_model_2.pdb,swissmodel_P9WFW7_model_4.pdb,16.16
alphafold3_P9WFW1_model_3.pdb,alphafold2_P9WFW7_model_0.pdb,20.61
alphafold3_P9WFW1_model_3.pdb,alphafold3_P9WFW7_model_0.pdb,20.31
alphafold3_P9WFW1_model_3.pdb,alphafold3_P9WFW7_model_1.pdb,19.98
alphafold3_P9WFW1_model_3.pdb,alphafold3_P9WFW7_model_2.pdb,20.02
alphafold3_P9WFW1_model_3.pdb,alphafold3_P9WFW7_model_3.pdb,20.04
alphafold3_P9WFW1_model_3.pdb,alphafold3_P9WFW7_model_4.pdb,19.46
alphafold3_P9WFW1_model_3.pdb,chai1_P9WFW7_model_0.pdb,18.19
alphafold3_P9WFW1_model_3.pdb,chai1_P9WFW7_model_1.pdb,18.84
alphafold3_P9WFW1_model_3.pdb,chai1_P9WFW7_model_2.pdb,18.42
alphafold3_P9WFW1_model_3.pdb,chai1_P9WFW7_model_3.pdb,20.09
alphafold3_P9WFW1_model_3.pdb,swissmodel_P9WFW7_model_0.pdb,20.96
alphafold3_P9WFW1_model_3.pdb,swissmodel_P9WFW7_model_2.pdb,16.01
alphafold3_P9WFW1_model_3.pdb,swissmodel_P9WFW7_model_4.pdb,16.58
alphafold3_P9WFW1_model_4.pdb,alphafold2_P9WFW7_model_0.pdb,15.93
alphafold3_P9WFW1_model_4.pdb,alphafold3_P9WFW7_model_0.pdb,19.26
alphafold3_P9WFW1_model_4.pdb,alphafold3_P9WFW7_model_1.pdb,19.44
alphafold3_P9WFW1_model_4.pdb,alphafold3_P9WFW7_model_2.pdb,18.67
alphafold3_P9WFW1_model_4.pdb,alphafold3_P9WFW7_model_3.pdb,19.6
alphafold3_P9WFW1_model_4.pdb,alphafold3_P9WFW7_model_4.pdb,18.84
alphafold3_P9WFW1_model_4.pdb,chai1_P9WFW7_model_0.pdb,20.37
alphafold3_P9WFW1_model_4.pdb,chai1_P9WFW7_model_1.pdb,19.69
alphafold3_P9WFW1_model_4.pdb,chai1_P9WFW7_model_2.pdb,16.7
alphafold3_P9WFW1_model_4.pdb,chai1_P9WFW7_model_3.pdb,15.71
alphafold3_P9WFW1_model_4.pdb,swissmodel_P9WFW7_model_0.pdb,20.1
alphafold3_P9WFW1_model_4.pdb,swissmodel_P9WFW7_model_2.pdb,15.87
alphafold3_P9WFW1_model_4.pdb,swissmodel_P9WFW7_model_4.pdb,18.92
chai1_P9WFW1_model_0.pdb,alphafold2_P9WFW7_model_0.pdb,18.79
chai1_P9WFW1_model_0.pdb,alphafold3_P9WFW7_model_0.pdb,13.35
chai1_P9WFW1_model_0.pdb,alphafold3_P9WFW7_model_1.pdb,14.69
chai1_P9WFW1_model_0.pdb,alphafold3_P9WFW7_model_2.pdb,18.13
chai1_P9WFW1_model_0.pdb,alphafold3_P9WFW7_model_3.pdb,13.43
chai1_P9WFW1_model_0.pdb,alphafold3_P9WFW7_model_4.pdb,13.52
chai1_P9WFW1_model_0.pdb,chai1_P9WFW7_model_0.pdb,19.55
chai1_P9WFW1_model_0.pdb,chai1_P9WFW7_model_1.pdb,19.84
chai1_P9WFW1_model_0.pdb,chai1_P9WFW7_model_2.pdb,19.08
chai1_P9WFW1_model_0.pdb,chai1_P9WFW7_model_3.pdb,19.4
chai1_P9WFW1_model_0.pdb,swissmodel_P9WFW7_model_0.pdb,16.07
chai1_P9WFW1_model_0.pdb,swissmodel_P9WFW7_model_2.pdb,12.63
chai1_P9WFW1_model_0.pdb,swissmodel_P9WFW7_model_4.pdb,12.5
chai1_P9WFW1_model_1.pdb,alphafold2_P9WFW7_model_0.pdb,18.57
chai1_P9WFW1_model_1.pdb,alphafold3_P9WFW7_model_0.pdb,18.44
chai1_P9WFW1_model_1.pdb,alphafold3_P9WFW7_model_1.pdb,16.64
chai1_P9WFW1_model_1.pdb,alphafold3_P9WFW7_model_2.pdb,18.68
chai1_P9WFW1_model_1.pdb,alphafold3_P9WFW7_model_3.pdb,18.47
chai1_P9WFW1_model_1.pdb,alphafold3_P9WFW7_model_4.pdb,18.43
chai1_P9WFW1_model_1.pdb,chai1_P9WFW7_model_0.pdb,20.86
chai1_P9WFW1_model_1.pdb,chai1_P9WFW7_model_1.pdb,21.1
chai1_P9WFW1_model_1.pdb,chai1_P9WFW7_model_2.pdb,18.63
chai1_P9WFW1_model_1.pdb,chai1_P9WFW7_model_3.pdb,20.52
chai1_P9WFW1_model_1.pdb,swissmodel_P9WFW7_model_0.pdb,17.9
chai1_P9WFW1_model_1.pdb,swissmodel_P9WFW7_model_2.pdb,16.13
chai1_P9WFW1_model_1.pdb,swissmodel_P9WFW7_model_4.pdb,18.35
chai1_P9WFW1_model_2.pdb,alphafold2_P9WFW7_model_0.pdb,15.4
chai1_P9WFW1_model_2.pdb,alphafold3_P9WFW7_model_0.pdb,16.87
chai1_P9WFW1_model_2.pdb,alphafold3_P9WFW7_model_1.pdb,16.93
chai1_P9WFW1_model_2.pdb,alphafold3_P9WFW7_model_2.pdb,12.12
chai1_P9WFW1_model_2.pdb,alphafold3_P9WFW7_model_3.pdb,11.53
chai1_P9WFW1_model_2.pdb,alphafold3_P9WFW7_model_4.pdb,15.54
chai1_P9WFW1_model_2.pdb,chai1_P9WFW7_model_0.pdb,14.81
chai1_P9WFW1_model_2.pdb,chai1_P9WFW7_model_1.pdb,15.76
chai1_P9WFW1_model_2.pdb,chai1_P9WFW7_model_2.pdb,14.2
chai1_P9WFW1_model_2.pdb,chai1_P9WFW7_model_3.pdb,14.38
chai1_P9WFW1_model_2.pdb,swissmodel_P9WFW7_model_0.pdb,14.51
chai1_P9WFW1_model_2.pdb,swissmodel_P9WFW7_model_2.pdb,16.48
chai1_P9WFW1_model_2.pdb,swissmodel_P9WFW7_model_4.pdb,16.53
swissmodel_P9WFW1_model_0.pdb,alphafold2_P9WFW7_model_0.pdb,20.59
swissmodel_P9WFW1_model_0.pdb,alphafold3_P9WFW7_model_0.pdb,19.49
swissmodel_P9WFW1_model_0.pdb,alphafold3_P9WFW7_model_1.pdb,19.69
swissmodel_P9WFW1_model_0.pdb,alphafold3_P9WFW7_model_2.pdb,19.45
swissmodel_P9WFW1_model_0.pdb,alphafold3_P9WFW7_model_3.pdb,20.6
swissmodel_P9WFW1_model_0.pdb,alphafold3_P9WFW7_model_4.pdb,19.86
swissmodel_P9WFW1_model_0.pdb,chai1_P9WFW7_model_0.pdb,19.77
swissmodel_P9WFW1_model_0.pdb,chai1_P9WFW7_model_1.pdb,18.13
swissmodel_P9WFW1_model_0.pdb,chai1_P9WFW7_model_2.pdb,17.32
swissmodel_P9WFW1_model_0.pdb,chai1_P9WFW7_model_3.pdb,20.51
swissmodel_P9WFW1_model_0.pdb,swissmodel_P9WFW7_model_0.pdb,21.0
swissmodel_P9WFW1_model_0.pdb,swissmodel_P9WFW7_model_2.pdb,16.8
swissmodel_P9WFW1_model_0.pdb,swissmodel_P9WFW7_model_4.pdb,16.13
swissmodel_P9WFW1_model_1.pdb,alphafold2_P9WFW7_model_0.pdb,16.24
swissmodel_P9WFW1_model_1.pdb,alphafold3_P9WFW7_model_0.pdb,19.04
swissmodel_P9WFW1_model_1.pdb,alphafold3_P9WFW7_model_1.pdb,15.51
swissmodel_P9WFW1_model_1.pdb,alphafold3_P9WFW7_model_2.pdb,14.53
swissmodel_P9WFW1_model_1.pdb,alphafold3_P9WFW7_model_3.pdb,17.88
swissmodel_P9WFW1_model_1.pdb,alphafold3_P9WFW7_model_4.pdb,14.31
swissmodel_P9WFW1_model_1.pdb,chai1_P9WFW7_model_0.pdb,17.75
swissmodel_P9WFW1_model_1.pdb,chai1_P9WFW7_model_1.pdb,17.77
swissmodel_P9WFW1_model_1.pdb,chai1_P9WFW7_model_2.pdb,18.12
swissmodel_P9WFW1_model_1.pdb,chai1_P9WFW7_model_3.pdb,13.81
swissmodel_P9WFW1_model_1.pdb,swissmodel_P9WFW7_model_0.pdb,16.58
swissmodel_P9WFW1_model_1.pdb,swissmodel_P9WFW7_model_2.pdb,15.27
swissmodel_P9WFW1_model_1.pdb,swissmodel_P9WFW7_model_4.pdb,12.83
swissmodel_P9WFW1_model_2.pdb,alphafold2_P9WFW7_model_0.pdb,17.08
swissmodel_P9WFW1_model_2.pdb,alphafold3_P9WFW7_model_0.pdb,16.86
swissmodel_P9WFW1_model_2.pdb,alphafold3_P9WFW7_model_1.pdb,17.67
swissmodel_P9WFW1_model_2.pdb,alphafold3_P9WFW7_model_2.pdb,16.6
swissmodel_P9WFW1_model_2.pdb,alphafold3_P9WFW7_model_3.pdb,17.2
swissmodel_P9WFW1_model_2.pdb,alphafold3_P9WFW7_model_4.pdb,16.54
swissmodel_P9WFW1_model_2.pdb,chai1_P9WFW7_model_0.pdb,17.23
swissmodel_P9WFW1_model_2.pdb,chai1_P9WFW7_model_1.pdb,17.29
swissmodel_P9WFW1_model_2.pdb,chai1_P9WFW7_model_2.pdb,16.7
swissmodel_P9WFW1_model_2.pdb,chai1_P9WFW7_model_3.pdb,17.47
swissmodel_P9WFW1_model_2.pdb,swissmodel_P9WFW7_model_0.pdb,16.93
swissmodel_P9WFW1_model_2.pdb,swissmodel_P9WFW7_model_2.pdb,16.82
swissmodel_P9WFW1_model_2.pdb,swissmodel_P9WFW7_model_4.pdb,18.31
